"","X","WID","n_reg","n_dam","n_basin","res_vol","iw_vol","DOF","DOR","USE","SED","RDD","URB","uparea","order","b","pval","fdi_mean","group","RL"
"1",370,11005203,0,0,340,0,0,0,0,0.0814705895588678,0,0.78772058824406,0,14142.2944925563,5,-0.00299671,0.0437869804777886,1.03795872571429,"(-0.1,0]",0
"2",810,11027295,0,0,810,0,0,0,0,0.220443351891607,0,0.571314040231954,0.0431440877246446,33216.9368355124,5,-0.002334264,0.00249302753224377,0.512699158171429,"(-0.1,0]",0
"3",1214,11065716,1,0,1249,0,0,0,0,0.0016012810486808,0,0.459714172081388,0.0313058446666257,61126.0417367797,5,-0.0005793564,0.00989568839126326,0.2448752706,"(-0.1,0]",0.0800640512409928
"4",1385,12040309,65,6,646,5.2,5.2,6.68556734873414,2.80872093929964,0.177244583819488,3.9836450134182,0.641117647613165,0,28455.1965756535,5,-0.001230073,0.0224324730032702,0.567695938714286,"(-0.1,0]",10.061919504644
"5",1430,12045941,553,61,2219,1047.3,934.7,11.5016197611105,6.39309647375799,0.653447498208556,11.0614793920294,1.00457503409563,0.0217809823248074,101713.811016793,6,-0.001256626,0.0352851323530067,0.726685485285714,"(-0.1,0]",24.9211356466877
"6",2239,13010641,1,0,1137,0,0,0.00803042003326282,0.00697284581740907,0.00369393145346075,0.140802487882293,0.504389622215126,0.119334212498594,52439.7562038175,6,-0.00030687,0.0327839015209219,0.694312967285714,"(-0.1,0]",0.0879507475813544
"7",2417,13069200,0,0,301,0,0,0,0,0.000330033008218205,0,0.498204619356311,0,13064.7100192998,5,-0.0006007874,0.0352851323530067,1.12381991071429,"(-0.1,0]",0
"8",2429,13074533,438,16,81686,4674,0,0.256963531439347,0.0842232437531584,0.0212461471249956,0.142585531387868,0.293732662867525,0.0192585025039922,3675226.82407823,9,-0.002303918,0.00000018066636820683,1.33222366582857,"(-0.1,0]",0.536199593565605
"9",2662,14013725,0,0,235,0,0,0,0,0.162978724089075,0,0.419153193717307,0,10627.8777948587,5,-0.004801334,0.00442314596163109,1.29579619465714,"(-0.1,0]",0
"10",2754,14037932,0,0,421,0,0,0,0,0.196666667592667,0,2.86161429275359,0.0493904768001466,18708.4392652926,5,-0.003342495,0.00582725731337703,0.831424492514286,"(-0.1,0]",0
"11",2764,14043457,0,0,881,0,0,0,0,0.0156108599779832,0,1.95363574724526,0,38385.9265181582,6,-0.001304629,0.0000376911823952338,1.04438367602857,"(-0.1,0]",0
"12",3358,15008948,1,0,1809,0,0,0,0,0.265195808881432,0,0.194614450172436,0.0031268615717396,90620.3146064566,5,-0.0008585395,0.0242392703746718,0.298688827942857,"(-0.1,0]",0.0552791597567717
"13",3417,15011133,4,0,373,0,0,0,0,1.87319035314763,0,0.515176946112522,0.0792734585003303,16571.7876585038,6,-0.007888819,0.0207439174201465,3.50297446948571,"(-0.1,0]",1.07238605898123
"14",3725,15022386,1,0,1384,0,0,0,0,0.0411976912417711,0,0.677474026023955,0.166162337317611,64633.9090529656,6,-0.003378122,0.0150485434544013,2.63571071902857,"(-0.1,0]",0.0722543352601156
"15",4111,15039642,0,0,225,0,0,0,0,0.0742222256130642,0,0.232502222988341,0.145999999841054,10608.7331138866,5,-0.0007989848,0.0469805611166679,0.677880005657143,"(-0.1,0]",0
"16",4129,15040159,9,0,339,0,0,0,0,2.24159291360231,0,0.177613569615865,0,14666.5692695051,5,-0.0005623766,0.0469805611166679,0.439971283714286,"(-0.1,0]",2.65486725663717
"17",4230,15044427,0,0,245,0,0,0,0,0,0,0.345783673895865,0,11317.8287163078,5,-0.0007569024,0.0150485434544013,1.14107254474286,"(-0.1,0]",0
"18",4644,15053470,77,1,1504,380,380,2.54707215187397,2.78006604757715,1.34880319195106,2.68151008652598,0.346085771190082,0.0611276588145089,62411.2919644506,6,-0.002203435,0.000807170302189612,0.320254342657143,"(-0.1,0]",5.11968085106383
"19",4956,15058296,0,0,609,0,0,0,0,0,0,0.304836332419988,0.148908344842798,30582.2171774169,6,-0.001731886,0.0379474349384441,1.83336587842857,"(-0.1,0]",0
"20",6045,15089652,0,0,539,0,0,0,0,0.0821892400177158,0,0.0751836730758202,0,25572.4029197666,5,-0.0007604798,0.0261708908378838,0.353781926228571,"(-0.1,0]",0
"21",6061,15089853,0,0,383,0,0,0,0,0.220519486959878,0,0.0981688313669973,0,16225.3083421733,5,-0.002460058,0.0261708908378838,0.849919469514286,"(-0.1,0]",0
"22",6282,15094879,0,0,469,0,0,0,0,0,0,0.0365948829569542,0,20372.2207927107,5,-0.0004148426,0.0083212096678155,0.4895658556,"(-0.1,0]",0
"23",6926,15119033,6,0,882,0,0,0,0,2.05039459651729,0,0.0258793689755738,0,48635.4326951958,6,-0.0006432006,0.0138605370137844,1.07679284622857,"(-0.1,0]",0.680272108843537
"24",7355,15141007,2,0,1797,0,0,0,0,0.283675737596266,0,0.1319372569775,0.0011315936184406,91218.5995494002,6,-0.001181939,0.000236491115731904,0.222110034657143,"(-0.1,0]",0.111296605453534
"25",7658,16013293,0,0,5163,0,0,0,0,0.0710724639129523,0,0.0907555555159919,0.00222879230112269,240984.59492136,7,-0.001561193,0.0242392703746718,1.77994543068571,"(-0.1,0]",0
"26",8676,18001160,0,0,633,0,0,0,0,0.0189573461951991,0,0.777889417375528,0.00511690357473413,28329.6945202144,6,-0.003712744,0.0000909102380969151,1.56538555842857,"(-0.1,0]",0
"27",8712,18001606,30,2,1285,330,330,1.07928140664379,1.20386192283742,0.224202335767941,0.621167229302758,0.880585993339348,0.25019143918377,58333.5091941659,6,-0.001439655,0.0083212096678155,1.09179218685714,"(-0.1,0]",2.33463035019455
"28",8713,18001610,0,0,412,0,0,0,0,0.0194174760355822,0,0.734750001067386,0,18612.8930689491,5,-0.002778781,0.0000803673722991909,0.682506213828571,"(-0.1,0]",0
"29",8794,18003479,18,1,306,25,25,2.55206412778747,0.274778382287871,0.0141935485985971,2.14393238060529,0.84943870596828,0.00544516126955709,12635.4866658542,5,-0.002889217,0.0176963560701568,0.925982641571429,"(-0.1,0]",5.88235294117647
"30",8832,18006238,0,0,323,0,0,0,0,0.0359133133439825,0,0.601399377495881,0,12947.0451816157,5,-0.0008825775,0.0117303045456346,0.510516528257143,"(-0.1,0]",0
"31",9014,28052843,60,5,661,2890,0,6.18195954756303,2.54545454545455,1.56109090561217,2.48265987848206,0.771541821441867,0.78636364733631,41984.9569826408,5,-0.001012352,0.000013102494052637,0.665359093774937,"(-0.1,0]",9.07715582450832
"32",9017,28045509,6,0,434,0,0,0,0,1.42749999687076,0,0.053541666145126,0,20364.0652160769,5,-0.002432417,0.000070987712871104,0.659618843744375,"(-0.1,0]",1.38248847926267
"33",9020,28063583,693,9,7659,1641.8,0,1.63510456999117,0.776894856591561,7.06945287214841,1.04145739838534,1.36017982808084,0.24349105108134,346421.975681058,7,-0.005028534,0.00637780514515526,0.646367817110081,"(-0.1,0]",9.048178613396
"34",9023,28067663,124,5,2024,700,700,3.86562471226889,0.243336419217057,5.79761335688925,0.718534648516921,0.651334128984937,0.324026182587292,102131.774062319,6,-0.0005929766,0.0048528248119314,1.05021989794888,"(-0.1,0]",6.12648221343874
"35",9025,28046905,15,0,461,0,0,0,1.08695652173913,5.70586954594954,0.360570282181029,0.367323912161848,0.054563045501709,22438.2837187571,5,-0.0007021856,0.00151168543603235,0.64302384391125,"(-0.1,0]",3.25379609544469
"36",9026,28046880,50,1,239,700,700,5.89418868056866,2.10084033613445,11.56932771832,4.27132056770965,0.482563025685919,0,12133.9772048005,4,-0.001003746,0.00249302753224377,0.125737751583516,"(-0.1,0]",20.9205020920502
"37",9027,28048224,56,1,1099,0,0,0.159998609553307,0.163084453377035,5.3774222978876,0.322277590030348,0.613367457262886,1.58961979087299,57193.6270560018,6,-0.004142186,0.000000290887391374113,1.95745824996723,"(-0.1,0]",5.09554140127389
"38",9086,21003369,214,25,1549,1568.2,25,3.86542204869785,2.58562132316509,0.873629914400925,4.65270214901156,3.07619664596597,6.75590895859946,73136.8861572702,6,-0.002414165,0.0000195964637929961,0.788991955146743,"(-0.1,0]",13.8153647514525
"39",10727,21023972,116,6,566,200,0,13.6373639700691,1.86513179698597,7.42173144243684,6.30819056252382,1.28221201396452,2.11519610155176,23688.0905192547,5,-0.001263591,0.00637780514515526,0.663012228963336,"(-0.1,0]",20.4946996466431
"40",10959,21025553,26,0,555,0,0,0,0,5.02702702649005,0,0.697855855618511,0.0538018023645556,23723.9742918632,5,-0.0122423,0.000807170302189612,2.53203368455877,"(-0.1,0]",4.68468468468468
"41",10995,22029989,205,23,1372,0,0,9.85854268786511,1.0842676375159,0.887536444508473,3.22553228479842,2.01671209639215,1.1299104329481,63678.9161738771,6,-0.00102728,0.0083212096678155,0.960240157535412,"(-0.1,0]",14.9416909620991
"42",11155,22038221,2902,318,17759,18726.6,3270.7,9.47422311034688,3.03859836058105,0.348304180266102,5.46725521056924,2.00587862084077,2.97981098909448,795504.410770848,8,-0.0009024765,0.0191672520432152,0.989199014735184,"(-0.1,0]",16.3410101920153
"43",11405,22047282,123,27,788,3822.7,1400,9.6151342398019,8.03474298157365,0.554060916023962,6.47753887179226,1.27358883330929,1.43337687229747,36121.1087142634,6,-0.0003148585,0.028234143450386,1.21417335963223,"(-0.1,0]",15.6091370558376
"44",11445,22047790,306,16,1482,3720.7,0,10.1639560061938,6.10595191073675,6.11126095915636,8.09807878146382,0.86556911744323,1.81363124363702,62997.4184445665,5,-0.0004689606,0.0261708908378838,0.473495362550538,"(-0.1,0]",20.6477732793522
"45",11536,22053748,44,3,315,238,0,6.53826670192537,3.38877506558857,4.10380953805787,4.83736852675071,0.598879367586166,0.57393651323186,12840.3562122915,5,-0.003772331,0.000467762699246,0.924760152324968,"(-0.1,0]",13.968253968254
"46",12180,23007593,622,83,4365,2534.3,380.6,4.54826292478869,2.4800294693858,0.853687585823398,2.8719051060372,3.6082747816746,12.1713389551546,196068.203605493,6,-0.0008267724,0.0000114379254569868,0.646674810470826,"(-0.1,0]",14.2497136311569
"47",12911,24009743,49,6,273,760,0,10.1902749957619,4.27056128812797,0.0296703301943265,1.43694959898688,1.11298167899306,0,12864.2599993062,5,-0.0009506414,0.00989568839126326,1.27188140378923,"(-0.1,0]",17.9487179487179
"48",12963,24014246,44,3,843,0,0,4.04061717692926,0,0.0508896806415431,0,1.00070462581809,0.0122906284965796,36804.154291673,5,-0.0006612958,0.0000376911823952338,0.446304520617889,"(-0.1,0]",5.21945432977461
"49",13076,24015938,267,10,6261,19709,0,2.86063978548539,1.18737551729697,0.0877012240149306,1.59311318025536,0.472160334661075,0.327828558083895,284893.085508398,7,-0.001295744,0.0000552457044347388,0.959175589008865,"(-0.1,0]",4.26449448969813
"50",14525,25005305,0,0,343,0,0,0,0,0,0,0.0261081868880674,0,15512.4537782767,5,-0.000323322,0.00442314596163109,0.342097833448123,"(-0.1,0]",0
"51",16300,28039493,6,0,389,0,0,0,0,2.27275065223478,0,0.4327275073467,0.00579177383285562,15911.6548161811,5,-0.001357704,0.028234143450386,0.345503774189224,"(-0.1,0]",1.54241645244216
"52",16453,28055820,6,0,1155,0,0,0,0,0.785095320527072,0,0.627997399177047,0.281692373703526,59939.1420810699,6,-0.00515324,0.00302792490200088,2.38887618802772,"(-0.1,0]",0.519480519480519
"53",16624,28065562,4088,135,68300,50522.8,3972,3.09969365641793,1.70233682360133,2.26486368500551,1.93133637474262,0.611660521503375,0.483386905541529,3247453.46844096,9,-0.003748274,0.000000857890049163983,0.516615667103072,"(-0.1,0]",5.98535871156662
"54",16666,28069718,76,3,969,1112,882,3.99329677497322,1.21431611716195,3.44346032847951,3.31977549374345,0.585650875957263,1.94618845651987,43257.4807090234,5,-0.0009254514,0.0379474349384441,1.01236385795322,"(-0.1,0]",7.84313725490196
"55",16714,29001937,54,4,357,325.3,239.3,7.21413984737024,3.67145568348239,5.74958213211185,4.8425061182944,0.852445679517011,0.628412262559933,16860.3546014434,5,-0.004291129,0.0000149966585209017,0.646642513578152,"(-0.1,0]",15.1260504201681
"56",16862,29037401,283,5,5993,3158,2680,2.22771044678436,0.447638173893097,2.43151757580433,1.50782953322651,0.818709311784356,0.00987922712507674,260541.910410771,7,-0.00362963,0.0000290877744334714,1.11558260566473,"(-0.1,0]",4.72217587185049
"57",16896,29042559,10,0,307,0,0,0,0,6.13485345710372,0,0.522019544403988,0.265947884961914,12057.9717388766,4,-0.002272214,0.00302792490200088,0.426985475494792,"(-0.1,0]",3.25732899022801
"58",17162,29051529,3,0,747,0,0,0,0,1.55173796509955,0,0.52534625641404,0.31085160725257,31330.0483048128,6,-0.005286813,0.0207439174201465,0.306128568305623,"(-0.1,0]",0.401606425702811
"59",17169,29051658,0,0,229,0,0,0,0,0,0,0.277772926086942,0.00266812227698913,11051.6219539841,5,-0.00179557,0.0304360620926451,0.590827446183702,"(-0.1,0]",0
"60",17291,29055833,37,0,361,0,0,0,0,10.4725762041817,0,0.334897508168815,0.173235455336993,13866.4883922104,5,-0.00157226,0.00907801720573989,1.0128824996554,"(-0.1,0]",10.2493074792244
"61",17385,29059794,31,0,2651,0,0,0,0,2.17212805840873,0,0.486883616817873,0.0708406780876233,108783.854259715,7,-0.01111346,0.0000428506264118929,1.70087072073153,"(-0.1,0]",1.1693700490381
"62",17458,29064154,49,1,1736,0,0,1.98293569656561,0.422666268414616,0.89976958512041,1.33248867561511,0.3868410133967,0.0752171647267133,69454.6807195366,6,-0.001022518,0.0352851323530067,1.14323728847222,"(-0.1,0]",2.82258064516129
"63",18083,29081879,0,0,213,0,0,0,0,0.395348833743916,0,0.21713953246904,0.00237674408180769,12229.2875946207,4,-0.00111297,0.0207439174201465,1.90772421801565,"(-0.1,0]",0
"64",18152,29083962,90,0,5764,0,0,0.714141529352711,0.190940851624281,0.293490305900254,0.766155501586771,0.189046225411214,0.132945072362483,273626.673835159,6,-0.003447976,0.0000626502537142492,0.326908468902038,"(-0.1,0]",1.56141568355309
"65",18255,29086446,16,0,3337,0,0,0,0,1.02957198302775,0,0.120497455965952,0.0672211485578428,190154.346011325,6,-0.007014168,0.000210466228479403,0.484306303497769,"(-0.1,0]",0.479472580161822
"66",18339,29089099,1,0,315,0,0,0,0,0.872698428635559,0,0.141768255072927,0.0284190465533544,15514.9662935603,5,-0.0006441443,0.0469805611166679,1.38214182067236,"(-0.1,0]",0.317460317460317
"67",18663,29103644,0,0,235,0,0,0,0,0.483404258559359,0,0.216953190590473,0.00808510628152401,10426.4936119876,5,-0.0004897583,0.0117303045456346,0.20390771866776,"(-0.1,0]",0
"68",18701,29106042,0,0,369,0,0,0,0,0.126829270000865,0,0.291468832571171,0,19051.5726718665,5,-0.0008769963,0.0469805611166679,1.37153249627469,"(-0.1,0]",0
"69",18761,29108143,3,0,481,0,0,0,0,0.902910602006,0,0.0237546775048587,0,29572.2544543562,5,-0.007528791,0.0000486754559492971,0.996998840811416,"(-0.1,0]",0.623700623700624
"70",19007,29118460,128,0,1262,0,0,2.23431225085599,0.037988188149623,6.99540413672875,1.88998302749697,0.684811410607797,0.571583992540364,51825.6935292106,6,-0.00692415,0.00366560370224007,0.665414807853937,"(-0.1,0]",10.1426307448494
"71",19040,29119913,5,0,904,0,0,0,0,1.26438052930861,0,0.432574115767745,0.151954646593174,39549.6707636219,5,-0.005946995,0.00151168543603235,0.77210130973124,"(-0.1,0]",0.553097345132743
"72",19386,31000518,0,0,285,0,0,0,0,0,0,0,0,11858.4678711567,4,-0.0004843948,0.00225936064356749,0.267696553428571,"(-0.1,0]",0
"73",19725,31049851,48,0,415,0,0,4.52586440293186,1.58592918579837,6.9065060276583,2.32219363780251,0.330238554653633,0.044607228112508,18085.6896875788,5,-0.00259075,0.00185112515628248,1.07574256688571,"(-0.1,0]",11.566265060241
"74",19771,31055062,0,0,247,0,0,0,0,0.762348181986616,0,0.653850203161297,0.127323884230394,10436.8987249688,4,-0.0002564525,0.00989568839126326,0.236770491085714,"(-0.1,0]",0
"75",20182,32000794,1022,18,55902,346500,0,1.13934449940152,0.965417013168367,0.0980517738626957,1.08128612530921,0.172991126603929,0.148094007869846,2555007.40658631,8,-0.0007395438,0.0304360620926451,0.718613662828571,"(-0.1,0]",1.82819934886051
"76",20705,33005216,0,0,380,0,0,0,0,0,0,0,0,17853.8600903241,5,-0.001161814,0.0000171501935136612,1.18167923442857,"(-0.1,0]",0
"77",20858,34000655,241,7,53411,36115.1,0,0.31026209199242,0.301209286436742,0.0105002996679998,0.2335850513941,0.127535799963242,0.00783306115221538,2462217.28383536,8,-0.003253555,0.000000632523042948377,0.745434216628571,"(-0.1,0]",0.451217913912864
"78",21096,35001151,0,0,7217,0,0,0,0,0.000180255134057417,0,0.094485995840618,0,326616.779708889,7,-0.0005719614,0.00167350434314648,0.909082113371429,"(-0.1,0]",0
"79",21191,35001995,0,0,389,0,0,0,0,0.000257069412570992,0,0.0968971718246342,0,16725.2026749791,5,-0.0007840826,0.00185112515628248,0.5827677884,"(-0.1,0]",0
"80",21530,35031074,0,0,4285,0,0,0,0,0.0000933706847364718,0,0.035040616145641,0,191407.95384522,7,-0.000690803,0.0469805611166679,1.20387399705714,"(-0.1,0]",0
"81",21667,35046310,0,0,527,0,0,0,0,0,0,0.150865275320903,0,24206.4604962889,5,-0.002676143,0.000102750152035912,0.530714298657143,"(-0.1,0]",0
"82",21964,35055847,0,0,225,0,0,0,0,0,0,0.263982219894727,0,10811.8868970559,5,-0.001028883,0.00402823717083145,1.25562549268571,"(-0.1,0]",0
"83",21967,35055851,0,0,447,0,0,0,0,0,0,0.0726129751344122,0,19732.6634309872,5,-0.0005985844,0.0379474349384441,0.793796661285714,"(-0.1,0]",0
"84",23948,42028716,5,1,2700,0,0,0.0476062394882643,0.062625036291574,0.368319765943827,0.064514803259418,0.32004663243967,0.0506828265012325,120133.008780608,6,-0.002412493,0.0000000295061959958788,1.11427036345714,"(-0.1,0]",0.185185185185185
"85",24014,42034682,55,0,1888,0,0,0,0,4.07375661741804,0,0.309266666752636,0.0841259249461391,82987.4629201043,6,-0.003052203,0.000807170302189612,0.214961449342857,"(-0.1,0]",2.91313559322034
"86",24721,43006661,404,35,1889,7706.3,4375,12.7848910523952,10.8096795230867,9.15171868869831,8.14207550696588,0.734859861165585,3.22864210831385,83526.5494306513,6,-0.005103261,0.0000223728201152168,0.993329981371429,"(-0.1,0]",21.3869772366331
"87",24726,43006742,136,5,449,0,0,15.0036807506281,7.94108353638171,8.19844098399105,9.78960970981425,0.493173718850703,0.483487756337912,19844.3147119197,5,-0.001545752,0.00000242694433183452,0.731752266,"(-0.1,0]",30.2895322939866
"88",24830,43010541,236,13,927,591.1,199.5,13.1791040780025,8.88112904235897,8.12319309728174,8.90463107171611,0.844026971258778,2.30393059657808,41353.6203048008,5,-0.001774147,0.00989568839126326,0.4531581834,"(-0.1,0]",25.4584681769148
"89",24930,43017365,0,0,605,0,0,0,0,0.374876033631731,0,0.475447936122082,0.0547240753804357,29508.75090565,5,-0.002321781,0.00225936064356749,0.787273818971429,"(-0.1,0]",0
"90",25099,43049573,136,13,688,931,681,7.01062572762586,3.61108630226142,1.69231884027089,6.15261205883337,0.524255071504824,4.68055595032115,28843.2002297538,6,-0.002688828,0.000000340356719157106,0.741014054085714,"(-0.1,0]",19.7674418604651
"91",26014,44030691,541,43,8601,9404,5128,3.88830352515359,0.635820955315619,0.0449808519448165,1.89388387598191,0.829348728221545,0.123592545485343,377474.564626875,7,-0.0005311666,0.0163253396829134,0.7092580312,"(-0.1,0]",6.28996628299035
"92",26421,44046390,1709,121,17886,44860.8,2880.1,4.55551319020814,1.50541613796596,0.263846884423664,3.43920998287005,1.91737195863845,0.185763895081746,776128.162580721,7,-0.0005577522,0.0304360620926451,0.828492530828571,"(-0.1,0]",9.5549591859555
"93",26652,44049806,0,0,667,0,0,0,0,0.235982008736352,0,1.10869415185932,0.247505248441868,28468.6121348748,5,-0.0006076445,0.010778341787809,0.472455648628571,"(-0.1,0]",0
"94",26977,45070351,128,11,626,0,0,12.5844401617291,1.52605573925528,3.9990445795902,9.41771899822233,2.1260127387585,0.892064903097548,28057.3070664415,6,-0.006477752,0.0379474349384441,2.11750416234286,"(-0.1,0]",20.4472843450479
"95",27041,45073653,424,52,2136,13015.6,3515.6,12.4757743610369,3.22010723814675,3.41114231865602,8.04922696158833,1.62062827502604,0.38550745057856,95523.8573853718,6,-0.001004661,0.0224324730032702,0.392598660171429,"(-0.1,0]",19.8501872659176
"96",27043,45073773,1,1,275,0,0,0,0,0.686131387894606,0,5.83985765843931,0.333573988319313,12583.9908987889,4,-0.0007602522,0.00225936064356749,0.468231412828571,"(-0.1,0]",0.363636363636364
"97",27167,45079511,0,0,415,0,0,0,0,0.0129496404807344,0,0.66506234794069,0,21378.3093530276,4,-0.0008709561,0.0437869804777886,0.303861698771429,"(-0.1,0]",0
"98",27345,45087681,29,3,247,0,0,3.47827455003252,1.35074235939304,5.01821861606136,3.32659030340671,1.77244129608035,0.100064779100148,10506.7259050484,4,-0.001297844,0.00442314596163109,0.331297672885714,"(-0.1,0]",11.7408906882591
"99",27421,45092364,69,5,281,69.3,69.3,13.9841657569467,1.5101412882232,2.94169613534697,9.39980851241409,1.54421201335141,0.538579508925495,11531.2642927102,5,-0.004275631,0.000583283347549499,1.37859525797143,"(-0.1,0]",24.5551601423488
"100",27439,45093530,2404,400,5732,31179.1,15040.9,28.5715104634825,11.9408718450679,6.44909439036102,21.4725142493927,2.07787182159496,0.947308192899608,256621.794464923,7,-0.002877378,0.000102750152035912,1.2082246808,"(-0.1,0]",41.9399860432659
"101",27555,45100733,750,129,1782,5971.3,5418,30.7693203946097,18.3893625294219,8.36397304607495,22.8189221746841,2.1158400661449,1.35713427896819,78080.506060396,6,-0.003176451,0.0000486754559492971,1.21663255891429,"(-0.1,0]",42.0875420875421
"102",28033,46015180,98,5,1310,0,0,1.4093767689033,1.35584696066199,3.24939395489002,1.17796757466401,0.231788636365849,0.283850018454321,55360.6218281044,6,-0.0006465945,0.00531992432207359,1.59904879511429,"(-0.1,0]",7.48091603053435
"103",28175,46030981,0,0,391,0,0,0,0,3.3612403099158,0,0.477767441104087,0.428878555675964,21566.4536119478,5,-0.002628526,0.0000000349389471118773,0.843653962714286,"(-0.1,0]",0
"104",28220,46037219,19,0,277,0,0,0,0,6.02888085437596,0,0.542761733224246,0.0579097479689422,10562.114805587,5,-0.001858076,0.000000397900121120169,1.18695419625714,"(-0.1,0]",6.85920577617329
"105",28673,47013530,4,0,965,0,0,0,0,0.716373064202966,0,0.153903626955544,0.0133564762500901,39552.4675017756,6,-0.009917397,0.0000000105131673918126,1.78792772631429,"(-0.1,0]",0.414507772020725
"106",28798,47018849,1,0,339,0,0,0,0,1.0612903315126,0,0,0,14454.8980899739,5,-0.001179255,0.000467762699246,0.867974465285714,"(-0.1,0]",0.294985250737463
"107",29203,48002267,17,0,712,0,0,0,0,3.89424966246433,0,0.218732117258566,0.00145161289820999,29667.4518132297,5,-0.001125352,0.00204591966174925,0.473790100142857,"(-0.1,0]",2.3876404494382
"108",29284,48010204,912,6,13631,125,0,1.14278797549951,0.377629579848331,6.19521577482409,0.53849740467608,0.378809363073513,0.075613084789951,624556.930345595,8,-0.002126162,0.00167350434314648,1.11852631577143,"(-0.1,0]",6.69063164844839
"109",29699,49001334,0,0,255,0,0,0,0,0.232549019654592,0,0.366101959464597,0,11087.1212799201,5,-0.002512122,0.000166276938851607,1.71454613374286,"(-0.1,0]",0
"110",30105,49010558,1,0,982,0,0,0,0,0.0720528466475567,0,0.828434960697058,0,44780.2679423489,6,-0.0005270606,0.000807170302189612,1.19241828671429,"(-0.1,0]",0.10183299389002
"111",30106,49010602,0,0,285,0,0,0,0,0.00245614041361892,0,0.880863158849248,0,12459.9805882294,5,-0.004907185,0.00167350434314648,1.3264859084,"(-0.1,0]",0
"112",30124,49011180,0,0,390,0,0,0,0,0.117435898937476,0,0.748428204693855,0,15917.2438289896,5,-0.002126602,0.0469805611166679,1.08342490842857,"(-0.1,0]",0
"113",30142,49012362,0,0,415,0,0,0,0,0.102644231528617,0,0.712716346499152,0,18257.2647242868,5,-0.0008212838,0.0138605370137844,1.16985308628571,"(-0.1,0]",0
"114",30493,51003313,4,3,511,0,0,0.202196906106384,0.0191803009067329,0.0152804644443311,0.226604535240595,1.29501740464389,0.00453771780491797,24445.2267731514,5,-0.0008152347,0.00000497288155190259,0.457746828571429,"(-0.1,0]",0.782778864970646
"115",32814,52004641,27,3,439,100,0,3.93758411278305,0.0440364758532419,0.418284425701164,1.20554586018486,0.89484875987265,0.0825056441077799,18874.3119537245,5,-0.001214712,0.00907801720573989,1.1040390502,"(-0.1,0]",6.1503416856492
"116",33184,52008152,0,0,745,0,0,0,0,0.000133868810562404,0,0.532459170164832,0.000669344042838019,30445.1688095551,6,-0.001123774,0.0083212096678155,1.02372644714286,"(-0.1,0]",0
"117",33551,52016258,0,0,1903,0,0,0,0,0.000681699013828793,0,0.833849501808276,0.0169029891506564,83718.9252255233,6,-0.001537602,0.0000000946014998578075,0.518280494428571,"(-0.1,0]",0
"118",38060,56108301,0,0,408,0,0,0,0,0.00171568630007552,0,0.413012255165799,0,17862.9559862204,5,-0.003798186,0.0138605370137844,0.300235277714286,"(-0.1,0]",0
"119",38130,56114441,0,0,1193,0,0,0,0,0.00427493719697898,0,0.124778709119094,0,50648.4569808817,5,-0.001358542,0.0242392703746718,0.196920509485714,"(-0.1,0]",0
"120",38131,56114479,0,0,711,0,0,0,0,0.0299578061020827,0,0.563074544428438,0,30840.9213792913,6,-0.003494073,0.0207439174201465,0.735581890914286,"(-0.1,0]",0
"121",40667,61020649,0,0,259,0,0,0,0,0.00229885060896818,0,0.0982375470386154,0,11522.5809542272,4,-0.002404737,0.000187149308653633,0.4654575064,"(-0.1,0]",0
"122",40670,61021929,0,0,1481,0,0,0,0,0.0738014861096167,0,0.0158176907488496,0.00405589637524529,64415.578289467,6,-0.001801582,0.00000156212484411175,0.548643264085714,"(-0.1,0]",0
"123",40671,61021992,0,0,249,0,0,0,0,0.00160642575667086,0,0.12171486091901,0.00395180733807116,10872.7492032528,5,-0.002975244,0.0000376911823952338,1.25177550797143,"(-0.1,0]",0
"124",40672,61022020,49,1,398,0,0,10.3441456985474,7,0.355500001404434,6.25335111056761,0.126862499713898,0.383259996622801,16845.9994752191,5,-0.00713092,0.00000997640813646051,0.870060258771429,"(-0.1,0]",12.3115577889447
"125",40673,61022042,0,0,389,0,0,0,0,0.0267352189648427,0,0.0218483292734715,0,16862.7537565983,5,-0.00463257,0.0000195964637929961,0.852598653571429,"(-0.1,0]",0
"126",40674,61022059,0,0,317,0,0,0,0,0.569278997126791,0,0.140567398066618,0.0870783710180779,13814.4826671865,5,-0.004997135,0.000583283347549499,1.56040839971429,"(-0.1,0]",0
"127",40698,61023450,0,0,1533,0,0,0,0,0.0489889113627379,0,0.0403085451400599,0.0525538146456938,66743.9472769185,6,-0.001159466,0.000897999431854636,0.693535298942857,"(-0.1,0]",0
"128",40699,61023461,1,0,265,0,0,0,0,0.076779027500849,0,0.242906365780795,0,12076.2002864356,5,-0.004252618,0.000130928032249208,0.957951172028571,"(-0.1,0]",0.377358490566038
"129",40717,61029966,0,0,254,0,0,0,0,0,0,0.109724410406248,0,10823.8571301213,5,-0.002156882,0.00167350434314648,1.78474255242857,"(-0.1,0]",0
"130",40752,61046331,24,1,903,138,0,2.49062153086446,0.0102858128209711,0,0.346287636774165,0.16416057658816,0.00253488375895047,40943.4718514223,6,-0.004693069,0.000166276938851607,1.41074454388571,"(-0.1,0]",2.6578073089701
"131",41511,64070547,361,37,3764,1235,0,5.58870068412234,0.873652783026767,0.103893953441619,4.83725998405104,0.809515327239886,1.18431297944613,180697.635917807,7,-0.001568499,0.0000114379254569868,1.52778304357143,"(-0.1,0]",9.59086078639745
"132",41618,65007623,118,2,3892,105,0,0.525690202192293,0.869353589935811,2.86908485305917,0.472458006004225,1.82327992954764,0.424557034937549,185876.504615352,6,-0.006378724,0.0000552457044347388,0.504900685314286,"(-0.1,0]",3.03186022610483
"133",41642,65009143,1,0,253,0,0,0,0,0.188142294145149,0,1.20663241294062,0.0786758889793878,11156.7356474861,5,-0.003493063,0.00697472395835133,0.976926961028571,"(-0.1,0]",0.395256916996047
"134",41730,65012095,0,0,233,0,0,0,0,1.18755365502041,0,2.29630471522972,0.183124463701453,10807.1288352362,4,-0.004680991,0.00531992432207359,0.541081442942857,"(-0.1,0]",0
"135",41765,65013531,0,0,217,0,0,0,0,0.351152074536145,0,1.56633640417168,0.402161287684594,10961.6956069096,4,-0.001829189,0.0000428506264118929,0.610990717,"(-0.1,0]",0
"136",42982,65031116,0,0,436,0,0,0,0,0.0270022888341812,0,1.04691076026356,0.0248100685991466,19314.2409091976,5,-0.001341276,0.0407786920676653,1.54651184311429,"(-0.1,0]",0
"137",43138,66004005,0,0,859,0,0,0,0,0.0807916187487187,0,0.679949943492313,0.0101699651467231,35195.8932420216,6,-0.003503969,0.000130928032249208,1.66752268054286,"(-0.1,0]",0
"138",43169,66004954,25,0,1205,0,0,0,0,2.74896437235874,0,0.489434961911658,0.117441128578281,50193.8245636629,6,-0.002283761,0.00225936064356749,1.36676855045714,"(-0.1,0]",2.0746887966805
"139",43680,66015946,3,0,287,0,0,0,0,0.0920415232957028,0,1.54374740520254,0.798256052870651,11462.9114316266,5,-0.0006828916,0.0207439174201465,0.979142255457143,"(-0.1,0]",1.04529616724739
"140",43875,66018216,0,0,267,0,0,0,0,0.000374531840786951,0,0.810367043098707,0.227654882584618,12302.9895885143,5,-0.0006851058,0.00167350434314648,1.30241064854286,"(-0.1,0]",0
"141",45103,67005596,3,1,285,0,0,0,0,0.395438598148655,0,2.07558946970262,0.065259649879054,12986.1908045807,5,-0.0009113423,0.000187149308653633,0.745867941171429,"(-0.1,0]",1.05263157894737
"142",45478,71004266,2505,101,29215,68463.1,2469.1,5.92322766170524,3.844470092571,0.776683532470716,3.21308681294668,0.27736312968395,0.191850216081388,1307566.93078398,8,-0.001562376,0.000130928032249208,1.21840596768571,"(-0.1,0]",8.57436248502482
"143",45830,71047006,14,0,225,0,0,4.09765635066562,0.990833492279053,0.0595555562112066,2.02546385223797,0.382871110306846,0,10197.5139782503,5,-0.0003480432,0.0127561170265981,0.447297722657143,"(-0.1,0]",6.22222222222222
"144",46276,72008823,0,0,393,0,0,0,0,0.00559796447896471,0,0,0,17917.2249368281,5,-0.0008025429,0.000000290887391374113,0.417060462,"(-0.1,0]",0
"145",46279,72008934,0,0,291,0,0,0,0,0,0,0,0,13183.7729174881,5,-0.001094412,0.000147609247980814,1.08562197834286,"(-0.1,0]",0
"146",46414,72014773,133,4,2182,1200,0,4.6187970635546,2.98120126087259,0.228571430121586,2.53121424021971,0.00437408434602367,0.00142719784935752,97027.0168873272,6,-0.001158432,0.000000397900121120169,0.762520444,"(-0.1,0]",6.09532538955087
"147",46540,72020740,73,1,1038,8490,0,3.83243843239386,0.291222692906171,0.0657088129970306,0.842609804971228,0.0098591953573099,0,46219.7111376986,6,-0.002047087,0.000467762699246,1.13804432974286,"(-0.1,0]",7.03275529865125
"148",46943,72032763,34,1,387,1620,0,7.03746983569815,4.11311053984576,0.11388174940504,3.14588300186985,0.0137840618204641,0,18982.7829934526,5,-0.0004616349,0.0163253396829134,0.574807986571429,"(-0.1,0]",8.78552971576227
"149",47081,72035994,149,12,1897,16987.5,2220.3,6.45949591384414,2.0109871832647,0.0666315246944875,2.99698011485231,0.100761201753073,0.112172630503106,87736.3890584217,6,-0.003171797,0.000210466228479403,0.916838959971429,"(-0.1,0]",7.85450711649974
"150",47358,72041711,1,0,241,0,0,0,0,0.0062240664827873,0,0.422062242983288,0.046668048716185,11785.3267334391,5,-0.0007231678,0.00762135081093312,1.59286977574286,"(-0.1,0]",0.4149377593361
"151",48170,73010302,56,5,281,1259.4,1259.4,10.0887719201872,7.47290762124112,0.737010675074791,5.88547853914334,1.23797864787731,2.48890670609008,14186.2273088185,5,-0.0007469416,0.0083212096678155,0.828542678028571,"(-0.1,0]",19.9288256227758
"152",48679,75025589,1564,63,11749,9757.3,7109.7,9.74621477674161,8.00749374896663,4.83826183185621,6.27620220141057,1.02916571004129,0.771985369989097,504948.216644211,7,-0.002608275,0.00167350434314648,1.07003120762857,"(-0.1,0]",13.3117712145715
"153",48777,75033332,345,41,2010,1086,889,10.2328519269157,5.57981329119917,1.35701492742001,7.4790194997481,2.27077114341493,0.61962820202557,88495.4864802098,6,-0.0009227556,0.0469805611166679,1.37922556431429,"(-0.1,0]",17.1641791044776
"154",49045,75043624,1,0,541,0,0,0.184842883548983,0.0354450413898708,0.0182994457440323,0.207464494142219,0.596743068831685,0.0307634000196475,23411.9486721864,5,-0.004766995,0.010778341787809,0.673794892,"(-0.1,0]",0.184842883548983
"155",49110,75044712,1,0,565,0,0,0,0,0.0700884968701716,0,0.725966371740915,0.0728997424640487,24412.5974646299,5,-0.002534597,0.0027486122017265,0.552684284828571,"(-0.1,0]",0.176991150442478
"156",49137,75047672,0,0,231,0,0,0,0,0.000432900439351151,0,0.627415586279068,0,10879.0798471169,5,-0.00324146,0.0407786920676653,1.39697308305714,"(-0.1,0]",0
"157",49140,75048173,20,1,425,434.9,0,1.61292467229507,2.17847167744356,0.0828235305758083,0.634849096047126,1.84638588400448,0.116011764442219,18403.6103123047,5,-0.003225554,0.0163253396829134,0.733810362085714,"(-0.1,0]",4.70588235294118
"158",49147,75048661,0,0,297,0,0,0,0,0.0191919195280733,0,1.44175420854529,0.0148585862182206,11444.3741838263,5,-0.003856378,0.0027486122017265,1.31860186431429,"(-0.1,0]",0
"159",49172,75049753,28,3,867,2220,0,0.894197574842756,0.712899596473881,0.125000001871349,1.2083209038327,1.18707242879634,0.177487146283422,40772.237388484,5,-0.001227827,0.00249302753224377,0.597393598285714,"(-0.1,0]",3.22952710495963
"160",50030,77000090,21,2,325,0,0,5.05316913604736,0.439666763085585,1.33784615351604,2.66984688882964,0.351747691356219,0.00256000005281889,13423.7428650702,6,-0.001858924,0.0000909102380969151,2.06252100031429,"(-0.1,0]",6.46153846153846
"161",50082,77002999,132,11,785,3606.1,2830.6,7.65745545084101,4.60029102249194,2.78159900166586,5.44094951327386,0.929128174277656,0.41094670270754,34000.0294836125,5,-0.002147991,0.000210466228479403,0.4745005972,"(-0.1,0]",16.8152866242038
"162",50152,77010571,262,6,1290,497.6,416.2,12.338822223752,6.62198090810835,3.40200616107725,3.81531786113955,0.410121143358633,0.430207563058278,52482.2597361279,5,-0.0009133864,0.0469805611166679,0.539990601914286,"(-0.1,0]",20.3100775193798
"163",50322,77020619,53,0,784,0,0,0.53939890318279,3.63274907462205,1.0415189922799,0.533727902334599,0.578764557017933,0.760032908731624,33754.9563369187,5,-0.001564599,0.00225936064356749,0.3260426766,"(-0.1,0]",6.76020408163265
"164",52654,78013075,294,9,4878,27365.3,0,2.12504955775813,2.45084423026996,0.0450839826921882,1.62261818581519,0.171209340628934,0.250520010779061,232061.747791353,6,-0.001310132,0.0000803673722991909,0.5305053266,"(-0.1,0]",6.02706027060271
"165",52901,81000004,0,0,287,0,0,0,0,0,0,0,0,14248.0145117575,4,-0.000960026,0.00402823717083145,0.457772443771429,"(-0.1,0]",0
"166",54208,82000278,0,0,332,0,0,0,0,0,0,0,0,15029.3160949089,4,-0.0005634523,0.00762135081093312,0.253492440142857,"(-0.1,0]",0
"167",54713,83002183,0,0,427,0,0,0,0,0,0,0,0,19565.1126956938,5,-0.006347729,0.00000997640813646051,1.01125496665714,"(-0.1,0]",0
"168",54981,83004760,0,0,2451,0,0,0,0,0,0,0,0,108960.674602364,6,-0.003188332,0.0083212096678155,0.406520997457143,"(-0.1,0]",0
"169",55568,83022188,0,0,908,0,0,0,0,0,0,0,0,38859.2096906724,5,-0.0006242094,0.000116035002536839,0.271644588942857,"(-0.1,0]",0
"170",55569,83022263,0,0,523,0,0,0,0,0,0,0,0,22929.9132586619,5,-0.00276895,0.00123043841168622,0.443559584085714,"(-0.1,0]",0
