"","X","WID","n_reg","n_dam","n_basin","res_vol","iw_vol","DOF","DOR","USE","SED","RDD","URB","uparea","order","b","pval","fdi_mean","group"
"1",370,11005203,0,0,340,0,0,0,0,0.0814705895588678,0,0.78772058824406,0,14142.2944925563,5,-0.00299671,0.0437869804777886,1.03795872571429,"(-0.1,0]"
"2",371,11005219,0,0,260,0,0,0,0,0.36153846615209,0,0.534307690451925,0.0449961552253136,11445.5432950386,4,0.001048506,0.0379474349384441,0.412735391314286,"(0,0.1]"
"3",764,11017620,0,0,278,0,0,0,0,0.209712232107953,0,0.654071942078981,0.0959532353625023,10244.8421721811,5,0.0006424046,0.0191672520432152,0.771338887171429,"(0,0.1]"
"4",810,11027295,0,0,810,0,0,0,0,0.220443351891607,0,0.571314040231954,0.0431440877246446,33216.9368355124,5,-0.002334264,0.00249302753224377,0.512699158171429,"(-0.1,0]"
"5",888,11036798,0,0,1025,0,0,0,0,0.172497572216221,0,0.429067055101934,0,46421.6755397594,6,0.001375951,0.028234143450386,1.58785161522857,"(0,0.1]"
"6",990,11050202,25,5,1415,0,0,0.957603697220765,0.281707839620408,0.147844524665772,0.730660315905396,0.164219081349171,0.0249243815459127,62406.7221448377,6,0.005501824,0.00366560370224007,1.11507063897143,"(0,0.1]"
"7",1052,11053434,57,0,964,0,0,3.25574648794544,0.362077925276954,0.180186724073845,2.3623794745089,0.296586098458572,0.00165871373103367,41391.6495523481,5,0.002169969,0.000236491115731904,0.339038185428571,"(0,0.1]"
"8",1090,11054966,24,1,379,0,0,4.3284333903431,0.806133453638384,0.265963061621762,4.08110117325454,0.206551452818521,0.0434248011785321,17588.3788521908,5,0.002067733,0.00136439215645161,0.4817380564,"(0,0.1]"
"9",1111,11056729,144,2,4023,3365,0,2.32904285836344,1.00168185360473,0.247454682195308,1.15933228458243,0.145411224207379,0.00395977155191892,176499.101810089,7,0.00132505,0.00185112515628248,1.37342501717143,"(0,0.1]"
"10",1132,11058753,0,0,367,0,0,0,0,0.00108991827237184,0,0.285288829975622,0,16752.9189541457,5,0.007617191,0.00110872314789711,0.697422441971429,"(0,0.1]"
"11",1147,11060808,0,0,347,0,0,0,0,0.000864553327003885,0,0.392002881990386,0,16977.5841336333,5,0.002082453,0.00907801720573989,0.535439245685714,"(0,0.1]"
"12",1214,11065716,1,0,1249,0,0,0,0,0.0016012810486808,0,0.459714172081388,0.0313058446666257,61126.0417367797,5,-0.0005793564,0.00989568839126326,0.2448752706,"(-0.1,0]"
"13",1303,11071109,0,0,383,0,0,0,0,0.000783289828904303,0,0.233997387962304,0.0385613593980475,19526.0797857692,5,0.00188403,0.00637780514515526,0.895452448342857,"(0,0.1]"
"14",1363,12037494,0,0,350,0,0,0,0,0.0502857144389834,0,0.370328570604324,0,15045.0901901667,5,0.006017206,0.0048528248119314,0.616292744542857,"(0,0.1]"
"15",1385,12040309,65,6,646,5.2,5.2,6.68556734873414,2.80872093929964,0.177244583819488,3.9836450134182,0.641117647613165,0,28455.1965756535,5,-0.001230073,0.0224324730032702,0.567695938714286,"(-0.1,0]"
"16",1430,12045941,553,61,2219,1047.3,934.7,11.5016197611105,6.39309647375799,0.653447498208556,11.0614793920294,1.00457503409563,0.0217809823248074,101713.811016793,6,-0.001256626,0.0352851323530067,0.726685485285714,"(-0.1,0]"
"17",1444,12048772,43,0,674,0,0,3.08053299652009,2.49242588815774,1.42997032972136,1.59760994329646,0.394436201473107,0.0220801181184786,29310.1803814852,5,0.001827969,0.0000909102380969151,0.329747311885714,"(0,0.1]"
"18",1514,12056874,94,3,665,124.7,124.7,9.1806128752859,6.56027847055654,0.714135342545079,5.68144347770943,0.379560902748341,0.166851126430626,29254.694804465,5,0.001031477,0.0033329003128446,1.08344765911429,"(0,0.1]"
"19",1886,12084615,2634,180,19888,19233.2,16729.3,7.71481619506944,6.29833758368316,1.74183955472991,6.36586159950134,1.32991862127028,0.260457654327219,889103.922053993,8,0.002556303,0.0117303045456346,1.27705461242857,"(0,0.1]"
"20",2098,12096934,149,12,447,209.3,45.2,16.1605591072599,9.91675452504649,2.27069351257094,12.4459740285757,1.75082102421279,0.140695780749022,20485.9941678405,5,0.003376826,0.0242392703746718,0.821513687942857,"(0,0.1]"
"21",2143,12099183,91,1,459,191.8,191.8,12.6683410285869,5.59113444656198,10.5902385998057,9.28260692236325,1.98686550536603,0.0918850317565066,21222.075934238,5,0.002883248,0.0261708908378838,0.397500822114286,"(0,0.1]"
"22",2180,12099997,226,11,962,148.6,94.9,11.4132177936312,6.24521542685939,5.00748442231122,8.86075633851876,1.58334719272729,0.167365096432008,45099.3956604948,6,0.002548138,0.00366560370224007,1.4459020862,"(0,0.1]"
"23",2183,12100011,118,15,281,494.9,493.1,15.8108284388573,14.6673558254683,10.7409252795354,12.5127736555542,1.8855302547804,0.435928101641428,12517.0000802889,4,0.0005989148,0.0242392703746718,0.3151864616,"(0,0.1]"
"24",2239,13010641,1,0,1137,0,0,0.00803042003326282,0.00697284581740907,0.00369393145346075,0.140802487882293,0.504389622215126,0.119334212498594,52439.7562038175,6,-0.00030687,0.0327839015209219,0.694312967285714,"(-0.1,0]"
"25",2275,13016318,224,6,3022,7905.8,0,4.43417301772548,1.39789244329701,0.0341705226087641,3.47788355364233,0.632751156223269,0.0173810311326583,132719.223770034,7,0.001259068,0.000130928032249208,1.05855863214286,"(0,0.1]"
"26",2387,13046007,1,0,5090,0,0,0,0,0.0001373626394095,0,0.245387362807498,0.0175675037090361,214542.012510162,6,0.002253059,0.0000000946014998578075,0.653225556457143,"(0,0.1]"
"27",2394,13054554,0,0,581,0,0,0,0,0.000341880346974756,0,0.389229057945757,0,25158.2315968734,5,0.0005771336,0.000418368226904489,0.944033560171429,"(0,0.1]"
"28",2417,13069200,0,0,301,0,0,0,0,0.000330033008218205,0,0.498204619356311,0,13064.7100192998,5,-0.0006007874,0.0352851323530067,1.12381991071429,"(-0.1,0]"
"29",2429,13074533,438,16,81686,4674,0,0.256963531439347,0.0842232437531584,0.0212461471249956,0.142585531387868,0.293732662867525,0.0192585025039922,3675226.82407823,9,-0.002303918,0.00000018066636820683,1.33222366582857,"(-0.1,0]"
"30",2448,13080035,0,0,427,0,0,0,0,0.000234192040960459,0,0.21384777488139,0,19370.4513108782,5,0.0006421625,0.0000114379254569868,0.474864557685714,"(0,0.1]"
"31",2462,13084511,40,0,271,0,0,13.2798528776837,0.0700223146769393,0.133948339829806,1.78161452435138,0.785690036619501,0.0925756433353213,11323.3799228483,4,0.000859644,0.000373879382849364,0.1857211436,"(0,0.1]"
"32",2488,13094090,0,0,503,0,0,0,0,0,0,0.258427434750864,0,22796.775970401,5,0.002078952,0.0000171501935136612,0.544781778942857,"(0,0.1]"
"33",2493,13096278,0,0,483,0,0,0,0,0.0519668744957965,0,0.661049689472832,0.00450724647158668,22790.8389821048,5,0.0008358193,0.0117303045456346,0.495808904142857,"(0,0.1]"
"34",2510,13101924,22,1,369,57,57,3.04208914697332,0.215743080548801,0.11761517752073,2.17111630490169,0.521739836550017,0.0414796762350129,16684.4853772899,5,0.0007622007,0.0304360620926451,0.5184151996,"(0,0.1]"
"35",2577,13106372,0,0,459,0,0,0,0,0.12008639455614,0,0.37081425712639,0,19809.3741725338,5,0.002122587,0.000522555542592067,0.908540643485714,"(0,0.1]"
"36",2648,14011581,0,0,309,0,0,0,0,0.0478964415665197,0,0.46702265336772,0,13754.6206558743,5,0.03657953,0.0000909102380969151,2.42317456408571,"(0,0.1]"
"37",2662,14013725,0,0,235,0,0,0,0,0.162978724089075,0,0.419153193717307,0,10627.8777948587,5,-0.004801334,0.00442314596163109,1.29579619465714,"(-0.1,0]"
"38",2737,14029390,43,0,755,0,0,0,0,5.76790450591426,0,3.18233422234417,0.0937586203612763,33418.0586102439,5,0.004422036,0.0407786920676653,1.2005457074,"(0,0.1]"
"39",2754,14037932,0,0,421,0,0,0,0,0.196666667592667,0,2.86161429275359,0.0493904768001466,18708.4392652926,5,-0.003342495,0.00582725731337703,0.831424492514286,"(-0.1,0]"
"40",2764,14043457,0,0,881,0,0,0,0,0.0156108599779832,0,1.95363574724526,0,38385.9265181582,6,-0.001304629,0.0000376911823952338,1.04438367602857,"(-0.1,0]"
"41",2895,14081937,62,1,489,0,0,8.8289596571269,3.25851651837246,0.10000000113968,3.61391855475628,0.387885479778356,0.0426564409658465,22398.4347284835,5,0.001625053,0.0117303045456346,0.468427595457143,"(0,0.1]"
"42",2909,14084260,0,0,293,0,0,0,0,0.00813559334156876,0,0.274677965651124,0.0743220342923019,12008.2032423135,5,0.0005886237,0.000265512945646669,1.01552150762857,"(0,0.1]"
"43",3180,15000795,200,12,1056,1659,1659,12.1254510836137,8.38528163221248,6.72844990527359,8.39211137537729,0.447407372267688,0.337207941905312,46297.7701131234,5,0.004928348,0.00697472395835133,0.741706091028571,"(0,0.1]"
"44",3202,15001913,66,2,344,0,0,13.5640224960611,5.64638178916865,6.74156977543824,6.01622905156023,0.5589767442583,1.16651351615613,14571.3301120513,5,0.002217836,0.0407786920676653,1.66699087771429,"(0,0.1]"
"45",3241,15003299,115,3,1235,772,42,5.42380065029932,0.466496319616372,2.84777328118018,1.68792566123655,0.468006477483854,0.12522024210648,54151.6840076258,6,0.001332802,0.0379474349384441,1.23151649385714,"(0,0.1]"
"46",3331,15006853,169,8,856,1884,297,12.4783048532277,7.17149717987419,4.118224303682,6.10439655554013,0.583536213829626,1.12593818598679,38712.2877272766,6,0.005308091,0.00637780514515526,1.77005487545714,"(0,0.1]"
"47",3358,15008948,1,0,1809,0,0,0,0,0.265195808881432,0,0.194614450172436,0.0031268615717396,90620.3146064566,5,-0.0008585395,0.0242392703746718,0.298688827942857,"(-0.1,0]"
"48",3417,15011133,4,0,373,0,0,0,0,1.87319035314763,0,0.515176946112522,0.0792734585003303,16571.7876585038,6,-0.007888819,0.0207439174201465,3.50297446948571,"(-0.1,0]"
"49",3552,15015854,69,2,485,96,96,3.38407638087655,2.41951129434045,9.75667351288472,3.93121510445815,0.739866528055751,0.545587266280911,20188.6443750724,5,0.003800145,0.000650529832469415,1.07337433642857,"(0,0.1]"
"50",3725,15022386,1,0,1384,0,0,0,0,0.0411976912417711,0,0.677474026023955,0.166162337317611,64633.9090529656,6,-0.003378122,0.0150485434544013,2.63571071902857,"(-0.1,0]"
"51",4111,15039642,0,0,225,0,0,0,0,0.0742222256130642,0,0.232502222988341,0.145999999841054,10608.7331138866,5,-0.0007989848,0.0469805611166679,0.677880005657143,"(-0.1,0]"
"52",4129,15040159,9,0,339,0,0,0,0,2.24159291360231,0,0.177613569615865,0,14666.5692695051,5,-0.0005623766,0.0469805611166679,0.439971283714286,"(-0.1,0]"
"53",4230,15044427,0,0,245,0,0,0,0,0,0,0.345783673895865,0,11317.8287163078,5,-0.0007569024,0.0150485434544013,1.14107254474286,"(-0.1,0]"
"54",4644,15053470,77,1,1504,380,380,2.54707215187397,2.78006604757715,1.34880319195106,2.68151008652598,0.346085771190082,0.0611276588145089,62411.2919644506,6,-0.002203435,0.000807170302189612,0.320254342657143,"(-0.1,0]"
"55",4956,15058296,0,0,609,0,0,0,0,0,0,0.304836332419988,0.148908344842798,30582.2171774169,6,-0.001731886,0.0379474349384441,1.83336587842857,"(-0.1,0]"
"56",5497,15073487,0,0,1325,0,0,0,0,0.191346876642774,0,0.0138299473925046,0,68067.4182801089,6,0.0009090912,0.00204591966174925,0.531841566857143,"(0,0.1]"
"57",5507,15073748,0,0,509,0,0,0,0,0.0811394896424121,0,0.160121807868799,0,21941.3757667229,5,0.00135613,0.0000195964637929961,0.406329189885714,"(0,0.1]"
"58",6045,15089652,0,0,539,0,0,0,0,0.0821892400177158,0,0.0751836730758202,0,25572.4029197666,5,-0.0007604798,0.0261708908378838,0.353781926228571,"(-0.1,0]"
"59",6050,15089702,0,0,405,0,0,0,0,0.0103703706352799,0,0.0335358028426582,0,19360.3164859126,5,0.0009131484,0.000236491115731904,1.84421031734286,"(0,0.1]"
"60",6061,15089853,0,0,383,0,0,0,0,0.220519486959878,0,0.0981688313669973,0,16225.3083421733,5,-0.002460058,0.0261708908378838,0.849919469514286,"(-0.1,0]"
"61",6282,15094879,0,0,469,0,0,0,0,0,0,0.0365948829569542,0,20372.2207927107,5,-0.0004148426,0.0083212096678155,0.4895658556,"(-0.1,0]"
"62",6926,15119033,6,0,882,0,0,0,0,2.05039459651729,0,0.0258793689755738,0,48635.4326951958,6,-0.0006432006,0.0138605370137844,1.07679284622857,"(-0.1,0]"
"63",7135,15131178,0,0,349,0,0,0,0,0.704011466407503,0,0.0673925504728853,0,19548.0455585066,5,0.0007993976,0.0163253396829134,1.94066862665714,"(0,0.1]"
"64",7303,15138388,1,0,493,0,0,0,0,0.281338742913387,0,0.391194725586725,0.182653144697147,22645.8246852609,4,0.004412706,0.0437869804777886,1.54734641825714,"(0,0.1]"
"65",7355,15141007,2,0,1797,0,0,0,0,0.283675737596266,0,0.1319372569775,0.0011315936184406,91218.5995494002,6,-0.001181939,0.000236491115731904,0.222110034657143,"(-0.1,0]"
"66",7433,16004443,1,0,288,0,0,0,0,0.260416666666667,0,0.157739584230714,0,12302.4694586797,5,0.000332371,0.0242392703746718,0.190567958542857,"(0,0.1]"
"67",7462,16006978,0,0,321,0,0,0,0,0.443925233459176,0,0.0395171337781294,0,15706.56586898,5,0.005324864,0.00989568839126326,0.935670335942857,"(0,0.1]"
"68",7523,16010245,0,0,379,0,0,0,0,0.30551181244725,0,0.251230967893532,0,16745.5574543148,5,0.004713476,0.00637780514515526,0.4097041772,"(0,0.1]"
"69",7658,16013293,0,0,5163,0,0,0,0,0.0710724639129523,0,0.0907555555159919,0.00222879230112269,240984.59492136,7,-0.001561193,0.0242392703746718,1.77994543068571,"(-0.1,0]"
"70",8418,16032232,17,1,13457,0,0,0.0631735462735447,0.00764350149980945,0.108601113368164,0.0411887402437951,0.370741966635486,0.0103227459046305,626116.000219061,8,0.005235511,0.000807170302189612,1.6889588796,"(0,0.1]"
"71",8425,17000001,1598,14,67161,210004.6,5204.6,2.02155531371136,0.433051906577504,0.744271096990216,1.09039272848093,0.435169395617603,0.155691787687724,3067598.81900395,8,0.0006400216,0.0000428506264118929,0.400134194457143,"(0,0.1]"
"72",8523,17023784,2,0,219,0,0,0,0,2.65159817863273,0,0.43654337681864,0.023493150189587,10882.6098034986,4,0.009408635,0.00000242694433183452,1.32101139502857,"(0,0.1]"
"73",8676,18001160,0,0,633,0,0,0,0,0.0189573461951991,0,0.777889417375528,0.00511690357473413,28329.6945202144,6,-0.003712744,0.0000909102380969151,1.56538555842857,"(-0.1,0]"
"74",8712,18001606,30,2,1285,330,330,1.07928140664379,1.20386192283742,0.224202335767941,0.621167229302758,0.880585993339348,0.25019143918377,58333.5091941659,6,-0.001439655,0.0083212096678155,1.09179218685714,"(-0.1,0]"
"75",8713,18001610,0,0,412,0,0,0,0,0.0194174760355822,0,0.734750001067386,0,18612.8930689491,5,-0.002778781,0.0000803673722991909,0.682506213828571,"(-0.1,0]"
"76",8794,18003479,18,1,306,25,25,2.55206412778747,0.274778382287871,0.0141935485985971,2.14393238060529,0.84943870596828,0.00544516126955709,12635.4866658542,5,-0.002889217,0.0176963560701568,0.925982641571429,"(-0.1,0]"
"77",8832,18006238,0,0,323,0,0,0,0,0.0359133133439825,0,0.601399377495881,0,12947.0451816157,5,-0.0008825775,0.0117303045456346,0.510516528257143,"(-0.1,0]"
"78",9013,28046777,1728,70,32365,22365,146,3.34261986691199,1.71118233517149,0.675673674843451,2.30158695367707,0.453700836469497,0.490826344366185,1441988.54422902,9,0.003277037,0.000000542431575788518,0.958435922474714,"(0,0.1]"
"79",9014,28052843,60,5,661,2890,0,6.18195954756303,2.54545454545455,1.56109090561217,2.48265987848206,0.771541821441867,0.78636364733631,41984.9569826408,5,-0.001012352,0.000013102494052637,0.665359093774937,"(-0.1,0]"
"80",9015,28065612,478,22,4402,21266,2426,7.9672456311156,4.31682944995379,2.50854076364625,3.90927249751976,0.761917789703391,1.01524557546377,194700.373020083,7,0.001049453,0.0117303045456346,1.39082153258886,"(0,0.1]"
"81",9017,28045509,6,0,434,0,0,0,0,1.42749999687076,0,0.053541666145126,0,20364.0652160769,5,-0.002432417,0.000070987712871104,0.659618843744375,"(-0.1,0]"
"82",9020,28063583,693,9,7659,1641.8,0,1.63510456999117,0.776894856591561,7.06945287214841,1.04145739838534,1.36017982808084,0.24349105108134,346421.975681058,7,-0.005028534,0.00637780514515526,0.646367817110081,"(-0.1,0]"
"83",9023,28067663,124,5,2024,700,700,3.86562471226889,0.243336419217057,5.79761335688925,0.718534648516921,0.651334128984937,0.324026182587292,102131.774062319,6,-0.0005929766,0.0048528248119314,1.05021989794888,"(-0.1,0]"
"84",9024,28067622,511,22,4717,21266,2426,7.98091576743628,4.18814773639439,2.8747065347146,3.86332482611777,0.759016832963441,1.06071237551248,220046.474869387,7,0.001105709,0.00531992432207359,1.37532442236857,"(0,0.1]"
"85",9025,28046905,15,0,461,0,0,0,1.08695652173913,5.70586954594954,0.360570282181029,0.367323912161848,0.054563045501709,22438.2837187571,5,-0.0007021856,0.00151168543603235,0.64302384391125,"(-0.1,0]"
"86",9026,28046880,50,1,239,700,700,5.89418868056866,2.10084033613445,11.56932771832,4.27132056770965,0.482563025685919,0,12133.9772048005,4,-0.001003746,0.00249302753224377,0.125737751583516,"(-0.1,0]"
"87",9027,28048224,56,1,1099,0,0,0.159998609553307,0.163084453377035,5.3774222978876,0.322277590030348,0.613367457262886,1.58961979087299,57193.6270560018,6,-0.004142186,0.000000290887391374113,1.95745824996723,"(-0.1,0]"
"88",9086,21003369,214,25,1549,1568.2,25,3.86542204869785,2.58562132316509,0.873629914400925,4.65270214901156,3.07619664596597,6.75590895859946,73136.8861572702,6,-0.002414165,0.0000195964637929961,0.788991955146743,"(-0.1,0]"
"89",9405,21009422,93,6,405,816,168,12.9091538286503,4.51611185817071,2.26543209819514,8.72173471207532,3.42893827160199,6.16414592405896,16800.0392646548,5,0.0006238628,0.0138605370137844,0.658839887330892,"(0,0.1]"
"90",9614,21013677,499,59,1883,6451.9,2743.4,18.1040588906801,8.7826567842678,2.10807223337892,10.6557955757355,2.2304174168252,0.932119254911129,84878.3547738647,6,0.001797455,0.0352851323530067,0.789450146990509,"(0,0.1]"
"91",9615,21013682,323,30,1182,3198.5,765.5,11.515353430986,14.0128344234588,2.13760539332113,9.17234862909443,1.94929932214282,1.55203118469899,50918.544301148,6,0.002338016,0.00000324176997705588,1.49892739666229,"(0,0.1]"
"92",9616,21013683,107,6,394,167.1,75.4,18.1867275274344,5.29644900212433,1.62893400577649,10.0703107698681,2.6013375597103,2.23709835785295,16799.4034533133,5,0.001356578,0.000333844169100078,0.639594080459001,"(0,0.1]"
"93",9735,21014751,96,10,536,232.9,0,8.42053350016697,3.04520688383882,2.49720149793064,6.56648028141019,1.01589738590115,1.58271247295857,23773.3531015778,5,0.001297339,0.00637780514515526,1.20885001505116,"(0,0.1]"
"94",10010,21017513,93,6,461,1648.6,1452.4,13.2946023392832,8.54148906430557,11.463557563609,7.81365925381373,1.64701301594812,0.44361388192001,21352.0904425135,5,0.005795739,0.0150485434544013,1.14278139961598,"(0,0.1]"
"95",10107,21018344,80,4,393,1320,1320,10.4338990816937,8.18179568451173,7.76539440104221,7.57492167910549,1.2162544515183,1.39134582824076,16542.6341725769,5,0.002344021,0.0048528248119314,1.15530172134301,"(0,0.1]"
"96",10202,21019282,113,9,344,869.9,751.3,21.1521821832934,14.6472202622613,15.432558146327,13.9921210610748,1.68368604086166,0.809241279786409,15755.478502103,5,0.001437177,0.0327839015209219,0.692288256890054,"(0,0.1]"
"97",10355,21020283,100,7,598,1562.5,1190,8.91618051257819,8.56498908428444,6.81806019735974,4.59970036271668,1.15100501675819,1.28837960232112,25020.7123122877,5,0.001695391,0.0000290877744334714,0.612909834159651,"(0,0.1]"
"98",10498,21022402,75,6,485,4059.5,0,9.93910307687582,2.77975005642655,3.18804121747152,4.13910281666265,0.89317319811005,1.10536973802085,22853.2749656817,5,0.001880495,0.028234143450386,0.891463544736438,"(0,0.1]"
"99",10727,21023972,116,6,566,200,0,13.6373639700691,1.86513179698597,7.42173144243684,6.30819056252382,1.28221201396452,2.11519610155176,23688.0905192547,5,-0.001263591,0.00637780514515526,0.663012228963336,"(-0.1,0]"
"100",10959,21025553,26,0,555,0,0,0,0,5.02702702649005,0,0.697855855618511,0.0538018023645556,23723.9742918632,5,-0.0122423,0.000807170302189612,2.53203368455877,"(-0.1,0]"
"101",10976,22027412,771,26,9684,584,0,4.50323024336648,1.56270276545316,1.37694925617845,1.63538038975351,0.741065490983961,0.895417076532449,438765.957374712,7,0.005307971,0.00136439215645161,0.919958009164662,"(0,0.1]"
"102",10995,22029989,205,23,1372,0,0,9.85854268786511,1.0842676375159,0.887536444508473,3.22553228479842,2.01671209639215,1.1299104329481,63678.9161738771,6,-0.00102728,0.0083212096678155,0.960240157535412,"(-0.1,0]"
"103",11026,22032217,672,30,11626,21500,0,3.45327196215417,0.96494149984635,0.655998625895972,1.77600460969904,1.49413970721858,0.777561116197821,511478.871099371,7,0.005867151,0.000000857890049163983,0.726432638815502,"(0,0.1]"
"104",11027,22032316,11,5,239,0,0,1.20872107310275,0.0673233126309626,1.31422594342396,0.645238632231091,0.547376570186605,0.489753133706967,13471.7359229428,5,0.00550263,0.0000000176805353413526,1.48278836639215,"(0,0.1]"
"105",11086,22034360,196,6,1507,6000,0,10.5573148467957,2.67056323815318,0.680690113660232,4.80821827446851,2.05693032554961,1.86982063481407,73198.3260006229,5,0.0002495132,0.00225936064356749,0.150708640985693,"(0,0.1]"
"106",11155,22038221,2902,318,17759,18726.6,3270.7,9.47422311034688,3.03859836058105,0.348304180266102,5.46725521056924,2.00587862084077,2.97981098909448,795504.410770848,8,-0.0009024765,0.0191672520432152,0.989199014735184,"(-0.1,0]"
"107",11339,22046696,41,2,273,40,0,7.09876800450412,0.05104710503058,0.0927272742715748,3.00878156302811,0.873378181538799,0.576527269699357,13349.5190960445,4,0.001482045,0.000102750152035912,0.468140849601843,"(0,0.1]"
"108",11405,22047282,123,27,788,3822.7,1400,9.6151342398019,8.03474298157365,0.554060916023962,6.47753887179226,1.27358883330929,1.43337687229747,36121.1087142634,6,-0.0003148585,0.028234143450386,1.21417335963223,"(-0.1,0]"
"109",11406,22047283,3,3,513,419,0,0,0,0.607602340131127,0,1.33337816596031,0.25901949487002,22058.2366225824,5,0.0008586587,0.000333844169100078,0.769849201191138,"(0,0.1]"
"110",11445,22047790,306,16,1482,3720.7,0,10.1639560061938,6.10595191073675,6.11126095915636,8.09807878146382,0.86556911744323,1.81363124363702,62997.4184445665,5,-0.0004689606,0.0261708908378838,0.473495362550538,"(-0.1,0]"
"111",11536,22053748,44,3,315,238,0,6.53826670192537,3.38877506558857,4.10380953805787,4.83736852675071,0.598879367586166,0.57393651323186,12840.3562122915,5,-0.003772331,0.000467762699246,0.924760152324968,"(-0.1,0]"
"112",11538,22053768,45,2,355,201.3,169,7.80018411018479,1.09440157568791,4.47943662581309,3.99095943546411,0.921292957390698,1.45519154395016,14636.825882427,5,0.00328516,0.0000255210339748013,0.625552564652222,"(0,0.1]"
"113",12085,23004360,5,2,263,17.5,17.5,0.415660194571027,1.14148546262386,1.89505703339332,0.674952499089054,3.16140304072388,3.48293367696806,10660.3632022004,5,0.001619547,0.00907801720573989,1.29756889735957,"(0,0.1]"
"114",12180,23007593,622,83,4365,2534.3,380.6,4.54826292478869,2.4800294693858,0.853687585823398,2.8719051060372,3.6082747816746,12.1713389551546,196068.203605493,6,-0.0008267724,0.0000114379254569868,0.646674810470826,"(-0.1,0]"
"115",12268,23009241,9,0,247,0,0,0,0,2.19554656207079,0,3.2842995877932,21.0368692917138,10384.781097131,5,0.0003322275,0.0163253396829134,1.15715683823041,"(0,0.1]"
"116",12413,23014792,185,14,1664,934.3,82.5,1.5974729697959,2.62637984238359,0.509663866759062,1.52440964453085,3.65410744295079,5.24248061253994,76352.8396360295,6,0.005686583,0.00151168543603235,1.01040901802478,"(0,0.1]"
"117",12507,23019528,352,30,2673,544.6,175.8,5.63698645805087,1.3107434313431,0.545158880929523,4.00194205534704,3.63499362910462,1.78776526486762,117218.94677056,7,0.007412217,0.00225936064356749,1.90083136409468,"(0,0.1]"
"118",12508,23019590,24,5,189,0,0,4.02904726462389,0.746971533096657,0.556613759113052,4.27191128105054,3.24932804096628,1.19410052249041,10523.0493590311,5,0.002419305,0.00442314596163109,1.12681065741496,"(0,0.1]"
"119",12661,23027157,476,52,2094,8700.8,2880.4,12.7930765318052,8.7050391585559,2.85248092236353,8.60835104399213,2.55993559485913,0.638059686833836,97510.5195972635,6,0.002398489,0.00402823717083145,0.827128505817384,"(0,0.1]"
"120",12737,23033324,387,49,1222,6422.3,4687.3,21.052776382477,20.6755084876831,10.9464811653009,13.6503349294362,1.39393698614938,0.806264376801282,56997.7298647962,5,0.001825068,0.028234143450386,0.463378923065296,"(0,0.1]"
"121",12758,24003649,99,15,1157,1540,0,6.41481297346382,3.75162837959178,0.139621016629599,4.03066697213589,0.444052541062146,0.00333850122956137,51021.2330056439,6,0.0007959955,0.000998225384171292,0.661476380091526,"(0,0.1]"
"122",12785,24004217,6,1,247,0,0,1.99297335840041,0,0.0806451631830104,0,0.672653221645423,0,12327.0116413758,4,0.0003474511,0.0150485434544013,0.434042405286197,"(0,0.1]"
"123",12911,24009743,49,6,273,760,0,10.1902749957619,4.27056128812797,0.0296703301943265,1.43694959898688,1.11298167899306,0,12864.2599993062,5,-0.0009506414,0.00989568839126326,1.27188140378923,"(-0.1,0]"
"124",12963,24014246,44,3,843,0,0,4.04061717692926,0,0.0508896806415431,0,1.00070462581809,0.0122906284965796,36804.154291673,5,-0.0006612958,0.0000376911823952338,0.446304520617889,"(-0.1,0]"
"125",13076,24015938,267,10,6261,19709,0,2.86063978548539,1.18737551729697,0.0877012240149306,1.59311318025536,0.472160334661075,0.327828558083895,284893.085508398,7,-0.001295744,0.0000552457044347388,0.959175589008865,"(-0.1,0]"
"126",13078,24015982,22,0,287,0,0,4.52030183733133,0.195736338867958,0.121951221537091,1.72901473623117,0.575982578955461,0.0645121963181978,13430.687678707,4,0.00456437,0.0000428506264118929,0.405192683545234,"(0,0.1]"
"127",13105,24016738,2,0,1284,0,0,0,0,0.0510522221808125,0,0.811401402204648,0.307864105478452,56234.825295357,6,0.001348377,0.0027486122017265,0.867929482990206,"(0,0.1]"
"128",13106,24016753,4,2,513,0,0,0,0,0.28011811141834,0,1.73890157885791,2.29593898344228,23045.5971496259,5,0.000419887,0.00697472395835133,0.539682099754085,"(0,0.1]"
"129",13302,24021596,11,2,271,0,0,2.31307115414046,0.0514886746547319,0.0904059057086156,1.69751424733754,1.43395202873598,0.300682654459978,11680.3072439817,5,0.001108643,0.000102750152035912,0.557569537968533,"(0,0.1]"
"130",13346,24022570,107,5,1972,1007,0,3.72248276276231,0.0310467746388356,0.0988843832391693,0.726197630732776,1.50778926574978,0.537794227260363,86514.2092097378,6,0.001218362,0.000102750152035912,0.39746540353431,"(0,0.1]"
"131",13347,24022584,32,1,373,33.2,33.2,5.05781292851425,0.496845749164395,0.0831099212289495,2.30879927715895,1.81940482518868,0.384847189561931,17621.2895252627,5,0.005536652,0.0000909102380969151,0.85227664603695,"(0,0.1]"
"132",13645,24028527,621,31,4546,2116.9,722.2,7.2217641177051,1.44892235931711,0.466161617946222,3.7368951430987,1.81630961774968,2.94081877154324,194345.579951989,7,0.008329013,0.0000000946014998578075,1.23685915423386,"(0,0.1]"
"133",13702,24029396,375,22,3078,739.6,416.9,4.40499214220569,1.43987979799577,0.762994447290098,3.25629277617821,1.74470774769228,3.91090354697743,131684.649789379,6,0.002065702,0.0000223728201152168,0.887209430333637,"(0,0.1]"
"134",14525,25005305,0,0,343,0,0,0,0,0,0,0.0261081868880674,0,15512.4537782767,5,-0.000323322,0.00442314596163109,0.342097833448123,"(-0.1,0]"
"135",14527,25005313,16,1,596,0,0,2.23219591629605,2.01680672268908,0.0989915971996403,1.6047463849408,0.214036973659732,0,26137.0775429059,5,0.00105451,0.0033329003128446,0.601091957789394,"(0,0.1]"
"136",14679,25007274,13,1,604,0,0,0.544278990786733,1.33350274887592,0.104318937664214,0.0412843884314172,0.2428687722778,0.0121926912833686,27085.0098564762,5,0.0006071601,0.0304360620926451,0.844886419634131,"(0,0.1]"
"137",16300,28039493,6,0,389,0,0,0,0,2.27275065223478,0,0.4327275073467,0.00579177383285562,15911.6548161811,5,-0.001357704,0.028234143450386,0.345503774189224,"(-0.1,0]"
"138",16435,28054282,0,0,357,0,0,0,0,0,0,0.0528842972042475,0,15237.093190639,5,0.001502262,0.0261708908378838,2.69843860623695,"(0,0.1]"
"139",16453,28055820,6,0,1155,0,0,0,0,0.785095320527072,0,0.627997399177047,0.281692373703526,59939.1420810699,6,-0.00515324,0.00302792490200088,2.38887618802772,"(-0.1,0]"
"140",16464,28057457,0,0,211,0,0,0,0,0.792417059577472,0,0.487900474483933,0,10410.7733277453,4,0.0003562729,0.00000757056709599623,0.118675843129989,"(0,0.1]"
"141",16624,28065562,4088,135,68300,50522.8,3972,3.09969365641793,1.70233682360133,2.26486368500551,1.93133637474262,0.611660521503375,0.483386905541529,3247453.46844096,9,-0.003748274,0.000000857890049163983,0.516615667103072,"(-0.1,0]"
"142",16666,28069718,76,3,969,1112,882,3.99329677497322,1.21431611716195,3.44346032847951,3.31977549374345,0.585650875957263,1.94618845651987,43257.4807090234,5,-0.0009254514,0.0379474349384441,1.01236385795322,"(-0.1,0]"
"143",16714,29001937,54,4,357,325.3,239.3,7.21413984737024,3.67145568348239,5.74958213211185,4.8425061182944,0.852445679517011,0.628412262559933,16860.3546014434,5,-0.004291129,0.0000149966585209017,0.646642513578152,"(-0.1,0]"
"144",16728,29011657,1,0,313,0,0,0,0,0.649840256371818,0,0.731712461041566,0.08413738183701,13049.0517553981,5,0.006066716,0.00123043841168622,1.8251186995812,"(0,0.1]"
"145",16730,29011829,35,4,727,300,0,3.25104776452896,1.04410368505809,2.4683994555033,2.42885352509327,0.350329685604605,2.48075415440689,31153.6645866297,6,0.0008179711,0.000724929304053229,1.32585126935046,"(0,0.1]"
"146",16734,29012079,66,0,465,0,0,7.40272895443824,0.439052668438163,12.8808602246546,1.77150818335711,0.469253763636594,1.04585808207912,19893.0135574484,4,0.002918345,0.00907801720573989,0.413535690482592,"(0,0.1]"
"147",16755,29014993,0,0,321,0,0,0,0,0.155417955327698,0,0.20857585163862,0,12327.6064318827,5,0.004600057,0.00249302753224377,1.25416595852755,"(0,0.1]"
"148",16770,29018862,11,0,670,0,0,0,0,6.52089552702521,0,0.545528361023362,0.333973134809466,25254.1934075782,5,0.01249066,0.00000757056709599623,1.10284944622882,"(0,0.1]"
"149",16772,29018915,66,0,580,0,0,7.82230044309407,0.513698630136986,2.43167809181375,0.508854586605497,0.388921231886193,0.017419520599691,27475.3315921106,5,0.01359127,0.0000000209896944244834,0.988985495826921,"(0,0.1]"
"150",16794,29023423,2,0,503,0,0,0,0,0.696237632838806,0,0.417724752145829,0.00211485140394456,21676.4090723846,5,0.01368667,0.0083212096678155,2.75502732689594,"(0,0.1]"
"151",16814,29028244,73,1,1024,1450,0,5.41756136529148,4.90548320859671,4.58876952973515,3.4399744283005,0.693016599325347,1.95453238919436,41559.3422856025,6,0.001218174,0.000807170302189612,1.68496175899922,"(0,0.1]"
"152",16816,29028308,25,0,403,0,0,4.25479733441071,0.056424546478404,0.565260546693287,1.37367612880993,1.59302729199971,0.137607939485876,18444.933195759,5,0.002380511,0.0379474349384441,1.31165952397663,"(0,0.1]"
"153",16841,29033101,8,0,265,0,0,0.377358490566038,0,4.08679249106713,0,0.633532073897011,0.0799056585667268,10992.3133827036,5,0.01116076,0.00185112515628248,2.52873770449937,"(0,0.1]"
"154",16861,29037393,161,7,1051,0,0,5.64232171501642,0.540172642862808,7.34339983522156,2.88397738854839,1.71239221205003,1.83466557568295,43856.0255140992,6,0.001741452,0.0304360620926451,1.56678514732566,"(0,0.1]"
"155",16862,29037401,283,5,5993,3158,2680,2.22771044678436,0.447638173893097,2.43151757580433,1.50782953322651,0.818709311784356,0.00987922712507674,260541.910410771,7,-0.00362963,0.0000290877744334714,1.11558260566473,"(-0.1,0]"
"156",16888,29042186,1,0,1873,0,0,0,0,2.12746666375001,0,0.274189332997799,0.0507786675135295,74275.8650243707,6,0.005602981,0.0000803673722991909,1.16634647013245,"(0,0.1]"
"157",16896,29042559,10,0,307,0,0,0,0,6.13485345710372,0,0.522019544403988,0.265947884961914,12057.9717388766,4,-0.002272214,0.00302792490200088,0.426985475494792,"(-0.1,0]"
"158",17001,29046970,5,0,318,0,0,0,0,2.90849059098547,0,0.393540881386718,0.0252578603396626,13075.713280432,5,0.00489876,0.000373879382849364,2.72490790296871,"(0,0.1]"
"159",17161,29051525,6,0,1171,0,0,0,0,1.66362084125119,0,0.415783090190843,0.0198847137385205,45969.8045165703,6,0.006937808,0.0176963560701568,1.17457125730903,"(0,0.1]"
"160",17162,29051529,3,0,747,0,0,0,0,1.55173796509955,0,0.52534625641404,0.31085160725257,31330.0483048128,6,-0.005286813,0.0207439174201465,0.306128568305623,"(-0.1,0]"
"161",17169,29051658,0,0,229,0,0,0,0,0,0,0.277772926086942,0.00266812227698913,11051.6219539841,5,-0.00179557,0.0304360620926451,0.590827446183702,"(-0.1,0]"
"162",17283,29055666,2,0,737,0,0,0,0,4.56255089661443,0,0.577915875921013,0.439344643495138,31754.9673374629,5,0.01047602,0.000333844169100078,0.632889718429602,"(0,0.1]"
"163",17291,29055833,37,0,361,0,0,0,0,10.4725762041817,0,0.334897508168815,0.173235455336993,13866.4883922104,5,-0.00157226,0.00907801720573989,1.0128824996554,"(-0.1,0]"
"164",17293,29055869,0,0,197,0,0,0,0,3.42690356045508,0,0.439847717619487,0.669481582750524,10560.8424550244,5,0.0005782372,0.028234143450386,1.37611809828058,"(0,0.1]"
"165",17385,29059794,31,0,2651,0,0,0,0,2.17212805840873,0,0.486883616817873,0.0708406780876233,108783.854259715,7,-0.01111346,0.0000428506264118929,1.70087072073153,"(-0.1,0]"
"166",17386,29059813,1,0,389,0,0,0,0,1.35835476338404,0,0.272113110266798,0.73548180401172,17236.6911083852,6,0.01650169,0.000897999431854636,3.31726071839971,"(0,0.1]"
"167",17458,29064154,49,1,1736,0,0,1.98293569656561,0.422666268414616,0.89976958512041,1.33248867561511,0.3868410133967,0.0752171647267133,69454.6807195366,6,-0.001022518,0.0352851323530067,1.14323728847222,"(-0.1,0]"
"168",17633,29068100,27,0,252,0,0,5.8592086176234,0.324613090575211,1.72244094300458,1.05740326717754,0.641708663188097,0.125311025953668,10261.1885970739,5,0.008047731,0.0176963560701568,1.05440607300427,"(0,0.1]"
"169",17634,29068102,8,0,1013,0,0,0,0,3.85753694706656,0,0.614915273129353,0.355058220733563,42048.4978018231,6,0.005410626,0.028234143450386,1.32971783511603,"(0,0.1]"
"170",17858,29075279,10,0,2467,0,0,0,0,0.499392466172244,0,0.386580802153218,0.496588224556437,103381.622920692,7,0.009209273,0.00225936064356749,1.58651006810161,"(0,0.1]"
"171",17927,29078884,30,0,748,0,0,0,0,4.4614973316756,0,0.471044118172504,0.0715614968641875,29878.7393252416,5,0.01738384,0.00249302753224377,1.80570271470299,"(0,0.1]"
"172",17932,29079012,4,0,221,0,0,0,0,1.87828052529382,0,0.22603167236121,0.0658642525586607,11755.0718231892,5,0.001171929,0.00185112515628248,1.02770680145902,"(0,0.1]"
"173",18083,29081879,0,0,213,0,0,0,0,0.395348833743916,0,0.21713953246904,0.00237674408180769,12229.2875946207,4,-0.00111297,0.0207439174201465,1.90772421801565,"(-0.1,0]"
"174",18152,29083962,90,0,5764,0,0,0.714141529352711,0.190940851624281,0.293490305900254,0.766155501586771,0.189046225411214,0.132945072362483,273626.673835159,6,-0.003447976,0.0000626502537142492,0.326908468902038,"(-0.1,0]"
"175",18255,29086446,16,0,3337,0,0,0,0,1.02957198302775,0,0.120497455965952,0.0672211485578428,190154.346011325,6,-0.007014168,0.000210466228479403,0.484306303497769,"(-0.1,0]"
"176",18334,29088987,4,0,1403,0,0,0,0.0055894335932334,0.697861728641448,0.121439143429942,0.144541696563671,0.0665153225914377,64174.2974182701,7,0.002007818,0.0261708908378838,0.97059207455729,"(0,0.1]"
"177",18339,29089099,1,0,315,0,0,0,0,0.872698428635559,0,0.141768255072927,0.0284190465533544,15514.9662935603,5,-0.0006441443,0.0469805611166679,1.38214182067236,"(-0.1,0]"
"178",18411,29092120,7,0,518,0,0,0,0,1.90766283508633,0,0.299454022841207,0.239241374635148,22881.122207517,6,0.003238027,0.0000149966585209017,2.44365149234687,"(0,0.1]"
"179",18574,29097796,3,0,567,0,0,0,0,1.02390158709355,0,0.0175518453749705,0,36577.353469534,5,0.001892715,0.000724929304053229,0.893484342638998,"(0,0.1]"
"180",18663,29103644,0,0,235,0,0,0,0,0.483404258559359,0,0.216953190590473,0.00808510628152401,10426.4936119876,5,-0.0004897583,0.0117303045456346,0.20390771866776,"(-0.1,0]"
"181",18701,29106042,0,0,369,0,0,0,0,0.126829270000865,0,0.291468832571171,0,19051.5726718665,5,-0.0008769963,0.0469805611166679,1.37153249627469,"(-0.1,0]"
"182",18761,29108143,3,0,481,0,0,0,0,0.902910602006,0,0.0237546775048587,0,29572.2544543562,5,-0.007528791,0.0000486754559492971,0.996998840811416,"(-0.1,0]"
"183",19007,29118460,128,0,1262,0,0,2.23431225085599,0.037988188149623,6.99540413672875,1.88998302749697,0.684811410607797,0.571583992540364,51825.6935292106,6,-0.00692415,0.00366560370224007,0.665414807853937,"(-0.1,0]"
"184",19040,29119913,5,0,904,0,0,0,0,1.26438052930861,0,0.432574115767745,0.151954646593174,39549.6707636219,5,-0.005946995,0.00151168543603235,0.77210130973124,"(-0.1,0]"
"185",19386,31000518,0,0,285,0,0,0,0,0,0,0,0,11858.4678711567,4,-0.0004843948,0.00225936064356749,0.267696553428571,"(-0.1,0]"
"186",19604,31003719,0,0,551,0,0,0,0,0.000363636369054967,0,0,0,24521.4440300881,5,0.001447331,0.00402823717083145,0.536916846657143,"(0,0.1]"
"187",19676,31006117,0,0,1381,0,0,0,0,0.000289855076782945,0,0.0720920291229867,0,59452.2346062044,6,0.0004613657,0.0469805611166679,1.25459918811429,"(0,0.1]"
"188",19725,31049851,48,0,415,0,0,4.52586440293186,1.58592918579837,6.9065060276583,2.32219363780251,0.330238554653633,0.044607228112508,18085.6896875788,5,-0.00259075,0.00185112515628248,1.07574256688571,"(-0.1,0]"
"189",19771,31055062,0,0,247,0,0,0,0,0.762348181986616,0,0.653850203161297,0.127323884230394,10436.8987249688,4,-0.0002564525,0.00989568839126326,0.236770491085714,"(-0.1,0]"
"190",19788,31057370,34,0,622,0,0,0,0,5.51318328001108,0,0.400655948571933,0,27323.884140246,5,0.001408258,0.00136439215645161,0.5399258086,"(0,0.1]"
"191",19789,31057406,40,2,567,230,0,4.86838328438882,2.19142400966119,2.19788359640399,2.2170143644592,0.203220459177591,0,24609.6038376586,5,0.001999707,0.000187149308653633,0.584362408485714,"(0,0.1]"
"192",19829,31059805,65,1,517,0,0,10.3618083644558,9.65250965250965,3.78725868808717,6.19150465021005,0.0978571434278746,0,22957.1676730426,5,0.0005928749,0.0327839015209219,0.636072484771429,"(0,0.1]"
"193",19943,31067067,0,0,301,0,0,0,0,0.562376235774641,0,0.166778877672583,0,13231.6417060706,5,0.001305159,0.000000000102337430197401,1.16188373657143,"(0,0.1]"
"194",19993,31071149,152,8,2171,0,0,4.24132053258504,0.695762211737192,0.973861021579025,1.28063774928497,0.177353888852938,0.161168891111937,93729.3280239488,7,0.0008352094,0.0117303045456346,1.47437140688571,"(0,0.1]"
"195",20182,32000794,1022,18,55902,346500,0,1.13934449940152,0.965417013168367,0.0980517738626957,1.08128612530921,0.172991126603929,0.148094007869846,2555007.40658631,8,-0.0007395438,0.0304360620926451,0.718613662828571,"(-0.1,0]"
"196",20705,33005216,0,0,380,0,0,0,0,0,0,0,0,17853.8600903241,5,-0.001161814,0.0000171501935136612,1.18167923442857,"(-0.1,0]"
"197",20858,34000655,241,7,53411,36115.1,0,0.31026209199242,0.301209286436742,0.0105002996679998,0.2335850513941,0.127535799963242,0.00783306115221538,2462217.28383536,8,-0.003253555,0.000000632523042948377,0.745434216628571,"(-0.1,0]"
"198",21096,35001151,0,0,7217,0,0,0,0,0.000180255134057417,0,0.094485995840618,0,326616.779708889,7,-0.0005719614,0.00167350434314648,0.909082113371429,"(-0.1,0]"
"199",21191,35001995,0,0,389,0,0,0,0,0.000257069412570992,0,0.0968971718246342,0,16725.2026749791,5,-0.0007840826,0.00185112515628248,0.5827677884,"(-0.1,0]"
"200",21530,35031074,0,0,4285,0,0,0,0,0.0000933706847364718,0,0.035040616145641,0,191407.95384522,7,-0.000690803,0.0469805611166679,1.20387399705714,"(-0.1,0]"
"201",21531,35031229,0,0,517,0,0,0,0,0,0,0.0405048358774739,0,21361.3937052498,5,0.0008256698,0.00123043841168622,0.683502921457143,"(0,0.1]"
"202",21665,35046203,0,0,1686,0,0,0,0,0.000474777455145951,0,0.0609614238762007,0,73353.1140635326,6,0.0007607198,0.000650529832469415,0.973732383,"(0,0.1]"
"203",21666,35046248,0,0,310,0,0,0,0,0,0,0,0,13331.9493290366,5,0.001542106,0.00637780514515526,0.915811948342857,"(0,0.1]"
"204",21667,35046310,0,0,527,0,0,0,0,0,0,0.150865275320903,0,24206.4604962889,5,-0.002676143,0.000102750152035912,0.530714298657143,"(-0.1,0]"
"205",21668,35046329,0,0,287,0,0,0,0,0.000348432060941171,0,0.273066203327337,0,12014.562245687,5,0.001044309,0.00110872314789711,1.1392761156,"(0,0.1]"
"206",21830,35052844,0,0,275,0,0,0,0,0,0,0.072483635598963,0,12921.6422065481,5,0.002046317,0.0000803673722991909,0.611505662342857,"(0,0.1]"
"207",21897,35054346,0,0,617,0,0,0,0,0,0,0.0449189627527997,0,26117.7405358669,5,0.0008266804,0.0127561170265981,0.822952004971429,"(0,0.1]"
"208",21964,35055847,0,0,225,0,0,0,0,0,0,0.263982219894727,0,10811.8868970559,5,-0.001028883,0.00402823717083145,1.25562549268571,"(-0.1,0]"
"209",21967,35055851,0,0,447,0,0,0,0,0,0,0.0726129751344122,0,19732.6634309872,5,-0.0005985844,0.0379474349384441,0.793796661285714,"(-0.1,0]"
"210",21968,35055853,0,0,308,0,0,0,0,0,0,0.00486363625371611,0,13470.6816250746,4,0.001307415,0.000583283347549499,0.235954695314286,"(0,0.1]"
"211",22087,35056631,0,0,367,0,0,0,0,0,0,0.0152615802489444,0,16977.5244338557,5,0.000800595,0.010778341787809,1.1950522972,"(0,0.1]"
"212",22125,35057092,0,0,403,0,0,0,0,0,0,0.162761786402603,0,17737.8633336364,5,0.001988053,0.00000181077858794969,0.756701364142857,"(0,0.1]"
"213",22181,35058124,0,0,274,0,0,0,0,0,0,0.230956202168969,0,11590.358073698,4,0.001775979,0.000013102494052637,0.574932958257143,"(0,0.1]"
"214",22204,35058756,0,0,1313,0,0,0,0,0.0003846153903466,0,0.209323076938207,0,56142.4526451839,6,0.002850399,0.0000000681059962832549,0.708789590685714,"(0,0.1]"
"215",22374,35062191,0,0,282,0,0,0,0,0,0,0.259578013937947,0,12611.9722179441,5,0.00159796,0.00000374189597718329,1.22070118828571,"(0,0.1]"
"216",22517,36006630,1,0,331,0,0,0,0,1.1305136039538,0,0.213154077484889,0,12451.5131089597,5,0.007037615,0.0000376911823952338,1.27128486568571,"(0,0.1]"
"217",22899,41002325,119,22,329,924.2,182.1,18.272481391314,5.25397917782282,0.220668695844415,13.2919342079807,1.72720060502052,5.4047496824279,14319.6984580581,5,0.0009411941,0.000116035002536839,0.800308756485714,"(0,0.1]"
"218",23140,41004202,57,17,239,441.1,0,7.57300476648818,2.96491115636905,0.220083683292736,9.60560507868048,3.22759832607029,7.0866655136252,10606.2894682337,4,0.0006606131,0.000102750152035912,0.369130918428571,"(0,0.1]"
"219",23238,41005936,115,16,337,1505.9,0,21.8306598762376,6.72021097740717,1.5839762589079,11.703907049627,2.77701780823466,7.98132626716744,15532.2918681519,5,0.003572836,0.000373879382849364,0.957795899114286,"(0,0.1]"
"220",23795,42003729,0,0,309,0,0,0,0,0,0,0,0,12094.1618664344,5,0.001292685,0.0000909102380969151,0.718871862428571,"(0,0.1]"
"221",23846,42007759,1382,63,42590,114170.3,0,1.26735797069356,1.16558142709962,0.276039223894624,0.798478218116057,0.341427160369996,0.359665388763482,1871871.97152115,8,0.002860182,0.0000000413366448051041,0.768100946171429,"(0,0.1]"
"222",23901,42023098,0,0,606,0,0,0,0,0.00361842113105874,0,0.210552631472973,0.0201661185067343,25956.857216026,5,0.01106443,0.000000248396607535475,1.14720527014286,"(0,0.1]"
"223",23948,42028716,5,1,2700,0,0,0.0476062394882643,0.062625036291574,0.368319765943827,0.064514803259418,0.32004663243967,0.0506828265012325,120133.008780608,6,-0.002412493,0.0000000295061959958788,1.11427036345714,"(-0.1,0]"
"224",24014,42034682,55,0,1888,0,0,0,0,4.07375661741804,0,0.309266666752636,0.0841259249461391,82987.4629201043,6,-0.003052203,0.000807170302189612,0.214961449342857,"(-0.1,0]"
"225",24100,42047900,0,0,601,0,0,0,0,0.559234611206562,0,0.481816969973077,0.00144592344066664,25034.7927064784,5,0.0121558,0.0000552457044347388,0.953911216828571,"(0,0.1]"
"226",24159,42056201,12,1,333,0,0,1.32736944938774,1.23142458582992,0.382686569819699,0.319933593470234,0.75174328157706,1.21142603265705,16311.5602814002,5,0.001230312,0.0048528248119314,0.515714039628571,"(0,0.1]"
"227",24246,42062880,786,36,3989,5026,4181,7.53933096398808,8.81377841143974,8.7139145841628,5.34923301550834,0.616140644626039,0.525475232527609,190639.049114185,6,0.002800856,0.00366560370224007,0.8395207086,"(0,0.1]"
"228",24247,42062895,187,29,645,6199.4,2310.1,14.9721378368925,16.325407689856,1.67875968909772,12.8220317450639,0.719545734356078,5.31077597798534,28037.6486771528,5,0.00245295,0.000650529832469415,0.643805947942857,"(0,0.1]"
"229",24481,42066020,168,28,777,12993.7,5667.4,11.8408012327937,4.42166940595063,0.583098597128168,7.19866839404252,0.892604356510004,5.47536038931712,34308.732225128,6,0.001186184,0.0138605370137844,1.74617803628571,"(0,0.1]"
"230",24567,42067579,148,13,527,3182.6,3182.6,12.3329380029067,8.44029861572685,0.817267554463992,8.60224585796577,0.80345351388943,4.93480762678147,23409.1189765672,5,0.002441794,0.000265512945646669,0.643640427028571,"(0,0.1]"
"231",24721,43006661,404,35,1889,7706.3,4375,12.7848910523952,10.8096795230867,9.15171868869831,8.14207550696588,0.734859861165585,3.22864210831385,83526.5494306513,6,-0.005103261,0.0000223728201152168,0.993329981371429,"(-0.1,0]"
"232",24722,43006688,183,19,961,4350.4,3790,12.1154858197007,5.02100738465229,4.13572170043041,5.47983007619717,0.861364485674682,0.669609157590975,45438.1582830855,5,0.001618955,0.00185112515628248,0.624760658114286,"(0,0.1]"
"233",24724,43006716,46,0,226,0,0,0,0,19.2097345031468,0,0.361402652432433,0.0104646018121095,10745.9885678861,5,0.002327346,0.000418368226904489,2.040977676,"(0,0.1]"
"234",24726,43006742,136,5,449,0,0,15.0036807506281,7.94108353638171,8.19844098399105,9.78960970981425,0.493173718850703,0.483487756337912,19844.3147119197,5,-0.001545752,0.00000242694433183452,0.731752266,"(-0.1,0]"
"235",24795,43008651,251,21,1433,2141,0,8.94838305252164,7.34857084519679,4.21878915843175,6.10334168973692,0.717009742520672,2.00585814064567,65850.9720150935,6,0.001173053,0.0379474349384441,1.32125948191429,"(0,0.1]"
"236",24830,43010541,236,13,927,591.1,199.5,13.1791040780025,8.88112904235897,8.12319309728174,8.90463107171611,0.844026971258778,2.30393059657808,41353.6203048008,5,-0.001774147,0.00989568839126326,0.4531581834,"(-0.1,0]"
"237",24832,43010579,26,4,239,0,0,0,0,10.3622406649392,0,0.396195020356614,0.355950203673968,10189.4401099245,5,0.002498169,0.0242392703746718,1.12336629431429,"(0,0.1]"
"238",24853,43012447,2390,144,17031,39151.5,2893.1,7.30520113146894,6.04223663649836,4.89291453862237,5.13102449303736,0.767455216837395,1.10071515155626,760606.378586098,7,0.001890028,0.0000000295061959958788,1.07803696628571,"(0,0.1]"
"239",24887,43014811,87,8,369,293,110,9.59853052000473,4.64520691572174,10.9479784704444,8.85169594148197,0.518797842037646,5.95498750625916,14951.8398253413,5,0.004124909,0.000102750152035912,1.12488342217143,"(0,0.1]"
"240",24930,43017365,0,0,605,0,0,0,0,0.374876033631731,0,0.475447936122082,0.0547240753804357,29508.75090565,5,-0.002321781,0.00225936064356749,0.787273818971429,"(-0.1,0]"
"241",25028,43030987,353,38,1405,2474,2370,7.68284066286211,11.8955167001583,11.1961620301061,9.24367752267754,0.501050462563706,2.19109280493214,60851.982037521,6,0.006054266,0.00762135081093312,0.865405202171429,"(0,0.1]"
"242",25070,43046787,7678,1132,42972,277270.9,19876.7,9.22549813752192,3.48968230778634,1.05883160096144,6.21610734520898,0.858300053377676,0.745797349804161,1916735.04224656,8,0.002018907,0.0000000148803500188275,0.7603883458,"(0,0.1]"
"243",25099,43049573,136,13,688,931,681,7.01062572762586,3.61108630226142,1.69231884027089,6.15261205883337,0.524255071504824,4.68055595032115,28843.2002297538,6,-0.002688828,0.000000340356719157106,0.741014054085714,"(-0.1,0]"
"244",25112,43055135,345,66,992,26466.3,1677,15.0020095419956,7.79806852139068,0.412776662085498,11.6919943578851,0.88433802559582,2.66977586252409,43020.2081262544,5,0.00198327,0.00000134647314109193,0.5634009864,"(0,0.1]"
"245",25250,43076732,296,66,1349,6520.4,0,12.5256841746777,1.31750795533473,0.271608600457833,7.59207772883023,1.05367976286241,1.14635823499149,60826.443355181,6,0.001153817,0.000070987712871104,0.940236643714286,"(0,0.1]"
"246",25402,43086207,64,17,293,462,230,13.4448634105331,1.95201560092054,0.508532423055619,4.91114951483614,0.915484643328312,3.81112971922236,13716.5185921671,5,0.001485194,0.0163253396829134,0.8690920924,"(0,0.1]"
"247",25527,43090867,185,44,683,2846.9,0,14.0248862712659,3.29969980839318,0.39341142147474,8.03869061851865,0.971770134494036,1.5236193369065,29332.5692675462,5,0.001593458,0.00123043841168622,0.652147488942857,"(0,0.1]"
"248",25573,43093128,318,52,915,18105.4,123.1,17.1760101683657,7.83026321242069,0.40926936003933,11.6432274346212,0.73977862745361,8.64464664191105,39087.5214652086,6,0.0009399866,0.0033329003128446,0.7840494532,"(0,0.1]"
"249",25937,44019654,9,9,684,1364,0,0,0,0.0701754384331013,0,2.75265936555657,0.0295804096658153,29372.1956599694,5,0.001393858,0.028234143450386,0.388306912685714,"(0,0.1]"
"250",26013,44030681,85,9,6462,73.5,73.5,0.61840428540554,0.250530901785849,0.0268017326980285,0.403636951624554,1.09088137862697,0.125154940292188,280496.35700433,6,0.000995357,0.000522555542592067,0.503630415742857,"(0,0.1]"
"251",26014,44030691,541,43,8601,9404,5128,3.88830352515359,0.635820955315619,0.0449808519448165,1.89388387598191,0.829348728221545,0.123592545485343,377474.564626875,7,-0.0005311666,0.0163253396829134,0.7092580312,"(-0.1,0]"
"252",26105,44037966,467,28,3702,25036.2,23352.6,7.2625540160567,5.85627029284819,0.638106796062655,3.81242191682476,2.62579368929928,0.887220210804651,154513.464832765,6,0.001037795,0.028234143450386,0.996169799228571,"(0,0.1]"
"253",26106,44037986,22,1,425,0,0,2.91155740192958,0.244773960923144,0.536065574395154,1.38246161385284,3.21876345608008,0.274697889419015,18467.2870005548,5,0.001886958,0.00136439215645161,0.991020512714286,"(0,0.1]"
"254",26376,44045930,176,16,1073,1925.6,0,10.8305115710878,3.1977370411352,0.407269339220388,7.87115985678015,2.33641007035721,0.623278901980841,45542.1372529458,6,0.001008853,0.0163253396829134,1.66238979705714,"(0,0.1]"
"255",26421,44046390,1709,121,17886,44860.8,2880.1,4.55551319020814,1.50541613796596,0.263846884423664,3.43920998287005,1.91737195863845,0.185763895081746,776128.162580721,7,-0.0005577522,0.0304360620926451,0.828492530828571,"(-0.1,0]"
"256",26652,44049806,0,0,667,0,0,0,0,0.235982008736352,0,1.10869415185932,0.247505248441868,28468.6121348748,5,-0.0006076445,0.010778341787809,0.472455648628571,"(-0.1,0]"
"257",26861,45059522,852,7,7467,0,0,1.15116124083689,0.406292960987507,9.05448959112458,1.18127368018259,1.37966822602157,0.322846478545159,345752.975788133,7,0.008155589,0.00249302753224377,0.9311118346,"(0,0.1]"
"258",26977,45070351,128,11,626,0,0,12.5844401617291,1.52605573925528,3.9990445795902,9.41771899822233,2.1260127387585,0.892064903097548,28057.3070664415,6,-0.006477752,0.0379474349384441,2.11750416234286,"(-0.1,0]"
"259",26979,45070447,21,2,289,0,0,5.21224053920759,0.9234738927399,0.233217994698604,2.65350781493428,3.32779584665199,0.427401395198796,14710.1907738546,5,0.002547235,0.00989568839126326,0.8724629626,"(0,0.1]"
"260",27041,45073653,424,52,2136,13015.6,3515.6,12.4757743610369,3.22010723814675,3.41114231865602,8.04922696158833,1.62062827502604,0.38550745057856,95523.8573853718,6,-0.001004661,0.0224324730032702,0.392598660171429,"(-0.1,0]"
"261",27043,45073773,1,1,275,0,0,0,0,0.686131387894606,0,5.83985765843931,0.333573988319313,12583.9908987889,4,-0.0007602522,0.00225936064356749,0.468231412828571,"(-0.1,0]"
"262",27167,45079511,0,0,415,0,0,0,0,0.0129496404807344,0,0.66506234794069,0,21378.3093530276,4,-0.0008709561,0.0437869804777886,0.303861698771429,"(-0.1,0]"
"263",27345,45087681,29,3,247,0,0,3.47827455003252,1.35074235939304,5.01821861606136,3.32659030340671,1.77244129608035,0.100064779100148,10506.7259050484,4,-0.001297844,0.00442314596163109,0.331297672885714,"(-0.1,0]"
"264",27421,45092364,69,5,281,69.3,69.3,13.9841657569467,1.5101412882232,2.94169613534697,9.39980851241409,1.54421201335141,0.538579508925495,11531.2642927102,5,-0.004275631,0.000583283347549499,1.37859525797143,"(-0.1,0]"
"265",27439,45093530,2404,400,5732,31179.1,15040.9,28.5715104634825,11.9408718450679,6.44909439036102,21.4725142493927,2.07787182159496,0.947308192899608,256621.794464923,7,-0.002877378,0.000102750152035912,1.2082246808,"(-0.1,0]"
"266",27555,45100733,750,129,1782,5971.3,5418,30.7693203946097,18.3893625294219,8.36397304607495,22.8189221746841,2.1158400661449,1.35713427896819,78080.506060396,6,-0.003176451,0.0000486754559492971,1.21663255891429,"(-0.1,0]"
"267",28031,46015174,360,17,4337,2530,0,3.96789740767456,1.33073798755935,4.12051990597048,1.77228549509003,0.307057971373451,0.544750395277012,195082.694084453,6,0.0003458618,0.00000181077858794969,1.11476721814286,"(0,0.1]"
"268",28033,46015180,98,5,1310,0,0,1.4093767689033,1.35584696066199,3.24939395489002,1.17796757466401,0.231788636365849,0.283850018454321,55360.6218281044,6,-0.0006465945,0.00531992432207359,1.59904879511429,"(-0.1,0]"
"269",28042,46015354,0,0,264,0,0,0,0,0.071969696405259,0,0,0,11578.2351793544,5,0.02912061,0.000897999431854636,1.73964363477143,"(0,0.1]"
"270",28104,46019008,661,20,12990,24943.1,23800,1.8430666300372,1.38121877953296,2.46050296865175,1.20798167531457,0.757071974236022,0.205083219644134,614702.569899515,7,0.0008207582,0.00249302753224377,0.440835190228571,"(0,0.1]"
"271",28132,46020776,201,7,3221,470,0,3.90453906167906,1.34113549413385,2.47619343249235,3.52423733285857,0.212672349765333,0.269623991372197,148318.139283702,7,0.0005638826,0.00531992432207359,1.20873712034286,"(0,0.1]"
"272",28175,46030981,0,0,391,0,0,0,0,3.3612403099158,0,0.477767441104087,0.428878555675964,21566.4536119478,5,-0.002628526,0.0000000349389471118773,0.843653962714286,"(-0.1,0]"
"273",28197,46034315,4,0,237,0,0,0,0,1.31983122669695,0,0.312004221045267,0,10019.0746126144,4,0.0006089319,0.000807170302189612,0.1514065944,"(0,0.1]"
"274",28220,46037219,19,0,277,0,0,0,0,6.02888085437596,0,0.542761733224246,0.0579097479689422,10562.114805587,5,-0.001858076,0.000000397900121120169,1.18695419625714,"(-0.1,0]"
"275",28258,46048016,0,0,221,0,0,0,0,0.0273542597622615,0,2.68468161695741,0.0285695072246774,10331.4844247947,5,0.0003443106,0.00697472395835133,0.779198159171429,"(0,0.1]"
"276",28511,47007928,0,0,251,0,0,0,0,0.312350600215781,0,0.416402394256269,0.0568924304617354,10632.8599590845,5,0.002206789,0.000000340356719157106,1.25064151465714,"(0,0.1]"
"277",28573,47009591,183,4,946,0,0,5.57385709375927,3.92371025088586,11.8755789614351,4.9656098397643,0.379577894846075,0.209123162086073,40710.8045171258,6,0.001356151,0.00000134647314109193,0.814979915685714,"(0,0.1]"
"278",28579,47009741,71,9,436,0,0,11.9792597591877,0.0110728635427055,8.7536697174431,0,0.610887614685461,0.278965598331132,16635.8845214714,5,0.0007547043,0.0127561170265981,1.01850650865714,"(0,0.1]"
"279",28673,47013530,4,0,965,0,0,0,0,0.716373064202966,0,0.153903626955544,0.0133564762500901,39552.4675017756,6,-0.009917397,0.0000000105131673918126,1.78792772631429,"(-0.1,0]"
"280",28674,47013533,5,0,279,0,0,0,0,1.61290322580645,0,0.144215053554931,0.000813620064848211,10912.940404697,5,0.01052464,0.00907801720573989,2.97407128122857,"(0,0.1]"
"281",28713,47015349,0,0,567,0,0,0,0,0.349209139709523,0,0.130906853111222,0,21605.5142946372,5,0.005668984,0.0150485434544013,1.37211028208571,"(0,0.1]"
"282",28747,47017200,17,0,269,0,0,0.371747211895911,0,5.00223049887051,0,0.402992564229274,0.0472936818590838,11304.0860989215,5,0.0151046,0.00907801720573989,2.16286818002857,"(0,0.1]"
"283",28794,47018829,0,0,529,0,0,0,0,0.820226844688895,0,0.222862003177461,0,21823.6806501519,6,0.00663562,0.0027486122017265,2.10527065654286,"(0,0.1]"
"284",28798,47018849,1,0,339,0,0,0,0,1.0612903315126,0,0,0,14454.8980899739,5,-0.001179255,0.000467762699246,0.867974465285714,"(-0.1,0]"
"285",28802,47018889,0,0,298,0,0,0,0,0.231879194385853,0,0.0515134240556883,0,12445.8727507498,4,0.01266201,0.000897999431854636,1.66533036482857,"(0,0.1]"
"286",28885,47022687,45,0,277,0,0,0,0,15.9310469128165,0,0.422909749544054,0.120819495204123,12126.2620436937,5,0.01405602,0.00136439215645161,1.10235124871429,"(0,0.1]"
"287",28936,47025118,254,7,1715,0,0,9.47886355821288,0.873774628107744,5.87384974498716,2.89839151038544,0.511585904846166,0.159774432851606,73295.6054269112,6,0.0005451182,0.0048528248119314,0.936952053257143,"(0,0.1]"
"288",28969,47026479,29,0,577,0,0,0,0,5.04024180332408,0,0.18951468002405,0,24756.4707611159,5,0.01281256,0.0127561170265981,2.08513542911429,"(0,0.1]"
"289",28970,47026483,2,0,297,0,0,0,0,0.673400673400673,0,0.215622895946005,0,12636.7672180458,5,0.006104554,0.000897999431854636,2.26204252331429,"(0,0.1]"
"290",28985,47028343,15,0,1154,0,0,0,0,1.83598616074732,0,0.232305363619823,0,44302.1918768301,6,0.00375284,0.0304360620926451,2.32570591951429,"(0,0.1]"
"291",29203,48002267,17,0,712,0,0,0,0,3.89424966246433,0,0.218732117258566,0.00145161289820999,29667.4518132297,5,-0.001125352,0.00204591966174925,0.473790100142857,"(-0.1,0]"
"292",29268,48008893,199,0,3646,0,0,0,0,6.09969846607317,0,0.156337719347344,0.00429303734971766,186457.505521571,6,0.0007037653,0.0352851323530067,0.953932856942857,"(0,0.1]"
"293",29284,48010204,912,6,13631,125,0,1.14278797549951,0.377629579848331,6.19521577482409,0.53849740467608,0.378809363073513,0.075613084789951,624556.930345595,8,-0.002126162,0.00167350434314648,1.11852631577143,"(-0.1,0]"
"294",29457,48018753,46,0,217,0,0,0,0,18.9571428842808,0,0.176963132097974,0,11953.2103167004,5,0.001847741,0.000807170302189612,1.12201013822857,"(0,0.1]"
"295",29699,49001334,0,0,255,0,0,0,0,0.232549019654592,0,0.366101959464597,0,11087.1212799201,5,-0.002512122,0.000166276938851607,1.71454613374286,"(-0.1,0]"
"296",30105,49010558,1,0,982,0,0,0,0,0.0720528466475567,0,0.828434960697058,0,44780.2679423489,6,-0.0005270606,0.000807170302189612,1.19241828671429,"(-0.1,0]"
"297",30106,49010602,0,0,285,0,0,0,0,0.00245614041361892,0,0.880863158849248,0,12459.9805882294,5,-0.004907185,0.00167350434314648,1.3264859084,"(-0.1,0]"
"298",30124,49011180,0,0,390,0,0,0,0,0.117435898937476,0,0.748428204693855,0,15917.2438289896,5,-0.002126602,0.0469805611166679,1.08342490842857,"(-0.1,0]"
"299",30142,49012362,0,0,415,0,0,0,0,0.102644231528617,0,0.712716346499152,0,18257.2647242868,5,-0.0008212838,0.0138605370137844,1.16985308628571,"(-0.1,0]"
"300",30493,51003313,4,3,511,0,0,0.202196906106384,0.0191803009067329,0.0152804644443311,0.226604535240595,1.29501740464389,0.00453771780491797,24445.2267731514,5,-0.0008152347,0.00000497288155190259,0.457746828571429,"(-0.1,0]"
"301",30602,51005102,1,1,949,0,0,0,0,0.00431125137864853,0,1.61433964150592,0.225379701981911,42516.9603351008,6,0.0008234009,0.0127561170265981,0.880320950542857,"(0,0.1]"
"302",30697,51006507,5,2,1222,0,0,0.164343044137408,0.00715599980955233,0.0167757777494124,0.0861484089409041,1.67395990182769,0.525482045672529,51544.1441328276,6,0.001715865,0.000297848401435682,1.37685190888571,"(0,0.1]"
"303",30698,51006510,0,0,307,0,0,0,0,0.000970873800874913,0,2.02844660456705,0.00493203899235401,12370.2654977936,5,0.002322246,0.0000223728201152168,1.44549812608571,"(0,0.1]"
"304",32814,52004641,27,3,439,100,0,3.93758411278305,0.0440364758532419,0.418284425701164,1.20554586018486,0.89484875987265,0.0825056441077799,18874.3119537245,5,-0.001214712,0.00907801720573989,1.1040390502,"(-0.1,0]"
"305",33184,52008152,0,0,745,0,0,0,0,0.000133868810562404,0,0.532459170164832,0.000669344042838019,30445.1688095551,6,-0.001123774,0.0083212096678155,1.02372644714286,"(-0.1,0]"
"306",33551,52016258,0,0,1903,0,0,0,0,0.000681699013828793,0,0.833849501808276,0.0169029891506564,83718.9252255233,6,-0.001537602,0.0000000946014998578075,0.518280494428571,"(-0.1,0]"
"307",33729,52019081,0,0,253,0,0,0,0,0,0,1.19596838167769,0.0706521739130435,11318.7646950853,5,0.001521971,0.000187149308653633,0.958127186942857,"(0,0.1]"
"308",33891,52022108,0,0,331,0,0,0,0,0,0,1.22179456124943,0.234301947755036,13521.1867544253,5,0.00200227,0.0000331251304582536,0.623062727742857,"(0,0.1]"
"309",33983,52023483,0,0,1365,0,0,0,0,0.0000731528906291997,0,1.42037161653855,0.0270621792277718,60413.5979135431,5,0.0006580138,0.0150485434544013,0.354852189314286,"(0,0.1]"
"310",33984,52023491,1,0,370,0,0,0.210509401686648,0.00231903680461518,0,0.0921441143702535,1.26372074300146,0.0985558506180631,15455.4492597024,5,0.0006429249,0.0207439174201465,0.642600832142857,"(0,0.1]"
"311",33985,52023502,0,0,437,0,0,0,0,0,0,1.20489521640308,0.000496583131559888,18935.608559218,5,0.001027345,0.000467762699246,0.394025259285714,"(0,0.1]"
"312",33987,52023522,0,0,325,0,0,0,0,0,0,1.69263076855586,0.00471692305344802,13054.81249916,4,0.001251268,0.000650529832469415,0.246057466085714,"(0,0.1]"
"313",37461,56038303,0,0,221,0,0,0,0,0.065158371607103,0,0.14847511160967,0,10183.2077788324,4,0.004086561,0.0191672520432152,0.436539981228571,"(0,0.1]"
"314",37538,56043521,0,0,945,0,0,0,0,0.0439153447983757,0,0.20124021282114,0,39414.5798027491,6,0.006421975,0.00225936064356749,0.518260066914286,"(0,0.1]"
"315",37948,56094799,0,0,309,0,0,0,0,0.0245954694051573,0,0.233288027080903,0,14814.8791373701,5,0.003145381,0.000265512945646669,0.5623074468,"(0,0.1]"
"316",38006,56101544,0,0,585,0,0,0,0,0.0158974361215901,0,0.124468376672166,0,29662.7477037893,5,0.002944288,0.0163253396829134,0.645296811685714,"(0,0.1]"
"317",38060,56108301,0,0,408,0,0,0,0,0.00171568630007552,0,0.413012255165799,0,17862.9559862204,5,-0.003798186,0.0138605370137844,0.300235277714286,"(-0.1,0]"
"318",38130,56114441,0,0,1193,0,0,0,0,0.00427493719697898,0,0.124778709119094,0,50648.4569808817,5,-0.001358542,0.0242392703746718,0.196920509485714,"(-0.1,0]"
"319",38131,56114479,0,0,711,0,0,0,0,0.0299578061020827,0,0.563074544428438,0,30840.9213792913,6,-0.003494073,0.0207439174201465,0.735581890914286,"(-0.1,0]"
"320",38291,56127350,0,0,321,0,0,0,0,0.00342679139795333,0,0.325604362186984,0,15264.2175962678,5,0.009628538,0.0379474349384441,1.55551793822857,"(0,0.1]"
"321",38601,56145185,0,0,563,0,0,0,0,0,0,0.147430851236514,0,25530.879330082,5,0.001459024,0.000187149308653633,0.630375215285714,"(0,0.1]"
"322",40265,61000463,371,18,5773,9384.9,0,3.02986396732672,0.871415950867168,0.0543865728559306,2.02822914912262,4.34197136524985,1.11507419148935,258586.294072663,7,0.0006118019,0.0000803673722991909,1.34617695488571,"(0,0.1]"
"323",40530,61005050,34,2,303,1200,0,9.83354747334723,1.16484678853856,0.109240924933366,3.76195891286099,3.70492409597529,0.279518146424404,13723.031846386,5,0.00127339,0.000102750152035912,1.39560741542857,"(0,0.1]"
"324",40585,61007042,431,16,20715,146891.2,4296.4,1.03058917556749,0.719963837844856,0.0777451220197121,0.83143624937196,0.787631491483895,0.190469727663571,931968.089576116,8,0.0007001281,0.0000376911823952338,1.44037085702857,"(0,0.1]"
"325",40667,61020649,0,0,259,0,0,0,0,0.00229885060896818,0,0.0982375470386154,0,11522.5809542272,4,-0.002404737,0.000187149308653633,0.4654575064,"(-0.1,0]"
"326",40670,61021929,0,0,1481,0,0,0,0,0.0738014861096167,0,0.0158176907488496,0.00405589637524529,64415.578289467,6,-0.001801582,0.00000156212484411175,0.548643264085714,"(-0.1,0]"
"327",40671,61021992,0,0,249,0,0,0,0,0.00160642575667086,0,0.12171486091901,0.00395180733807116,10872.7492032528,5,-0.002975244,0.0000376911823952338,1.25177550797143,"(-0.1,0]"
"328",40672,61022020,49,1,398,0,0,10.3441456985474,7,0.355500001404434,6.25335111056761,0.126862499713898,0.383259996622801,16845.9994752191,5,-0.00713092,0.00000997640813646051,0.870060258771429,"(-0.1,0]"
"329",40673,61022042,0,0,389,0,0,0,0,0.0267352189648427,0,0.0218483292734715,0,16862.7537565983,5,-0.00463257,0.0000195964637929961,0.852598653571429,"(-0.1,0]"
"330",40674,61022059,0,0,317,0,0,0,0,0.569278997126791,0,0.140567398066618,0.0870783710180779,13814.4826671865,5,-0.004997135,0.000583283347549499,1.56040839971429,"(-0.1,0]"
"331",40698,61023450,0,0,1533,0,0,0,0,0.0489889113627379,0,0.0403085451400599,0.0525538146456938,66743.9472769185,6,-0.001159466,0.000897999431854636,0.693535298942857,"(-0.1,0]"
"332",40699,61023461,1,0,265,0,0,0,0,0.076779027500849,0,0.242906365780795,0,12076.2002864356,5,-0.004252618,0.000130928032249208,0.957951172028571,"(-0.1,0]"
"333",40717,61029966,0,0,254,0,0,0,0,0,0,0.109724410406248,0,10823.8571301213,5,-0.002156882,0.00167350434314648,1.78474255242857,"(-0.1,0]"
"334",40752,61046331,24,1,903,138,0,2.49062153086446,0.0102858128209711,0,0.346287636774165,0.16416057658816,0.00253488375895047,40943.4718514223,6,-0.004693069,0.000166276938851607,1.41074454388571,"(-0.1,0]"
"335",40763,62012981,0,0,501,0,0,0,0,0.00467479681762737,0,0.202189025294975,0.055345529463233,23655.1678279972,5,0.002187182,0.0407786920676653,0.663160240742857,"(0,0.1]"
"336",40859,62027196,578,30,18499,62924,0,1.55003271219024,0.980056713909313,0.0488540545923484,1.05775858583746,0.346795945994757,0.0792901493290792,840515.221459088,8,0.001243404,0.0117303045456346,1.01073642945714,"(0,0.1]"
"337",40984,63001018,994,28,7190,748.2,0,7.60506884935825,2.34434406306114,0.197149610542615,4.7502243986678,0.775843159256252,0.0913804394169167,328984.695470243,7,0.001122478,0.0163253396829134,0.805482687885714,"(0,0.1]"
"338",40985,63001032,1,0,1202,0,0,0.0321695102431413,0.0310971674427217,0.0627287868007447,0.0552510824032528,0.686643926200524,0.111043263195755,53026.2785958055,5,0.002583522,0.000013102494052637,0.415225391314286,"(0,0.1]"
"339",40987,63001040,0,0,357,0,0,0,0,0.0302521014789573,0,0.618414563687743,0.00879831925159743,15758.4023301255,5,0.001082767,0.010778341787809,0.700333258142857,"(0,0.1]"
"340",41053,63001645,66,4,2096,1033,0,1.16709476862781,0.652592336497952,0.0295996191965556,0.805722390220556,0.585229264950474,0.00947983729146116,95373.5506410146,6,0.00181384,0.0000114379254569868,1.42144310868571,"(0,0.1]"
"341",41188,63023495,1271,51,13611,2921,504,6.47072379696876,2.26647025697812,0.374946767379074,3.83754186813347,0.715814230143389,0.438812975138284,635237.136585968,6,0.003083946,0.0000626502537142492,0.241147080828571,"(0,0.1]"
"342",41197,63026500,185,4,798,212.6,0,11.4748339536495,8.60106343792793,1.11315789378078,9.32602126930771,0.613002506255133,0.113820047530913,35730.0380835466,5,0.002439985,0.0083212096678155,0.414229679171429,"(0,0.1]"
"343",41206,63028170,184,5,1161,5554,0,11.8115807468782,5.14313823120744,0.752971578938092,5.22041593244183,0.736286822761009,0.0998242895193494,53505.4239444689,6,0.00265793,0.0176963560701568,1.05377914622857,"(0,0.1]"
"344",41248,63031301,200,13,1261,1798,1640,12.0255130908491,4.36061994491542,0.568437748135885,6.80261478746053,0.775716891436942,0.265616789802873,55306.5111243697,5,0.00162069,0.010778341787809,0.378129606085714,"(0,0.1]"
"345",41259,63033620,115,2,693,202,0,10.7254429396785,1.9582861940152,0.505050504631208,5.42263487371934,0.733128428061373,0.283904759549303,31470.4149767518,5,0.001342567,0.00249302753224377,0.690899489571429,"(0,0.1]"
"346",41263,63034511,73,3,1573,8684,0,3.26999713564676,0.840099280665791,0.0746666678313225,2.17544256840085,0.70148507771984,0.150405039181785,69538.6158244471,6,0.003859926,0.000297848401435682,0.615796787514286,"(0,0.1]"
"347",41296,63039854,0,0,309,0,0,0,0,0.185760519000126,0,1.14879935186561,0.574957926585836,13225.5020063962,5,0.002611947,0.00762135081093312,1.05243807531429,"(0,0.1]"
"348",41302,63041909,185,11,1806,236.9,0,6.93478189688898,0.286266086753025,0.129235882035654,1.09302845558728,1.13044739744377,1.04792587286231,82451.1322142216,6,0.00504722,0.00000209723290483944,0.849834765428571,"(0,0.1]"
"349",41323,63044038,206,13,1239,3003.5,1396,10.3913140121826,8.16536144254379,0.228248589366217,6.64573731766033,1.24118967020555,5.2096712332733,56378.9103624452,6,0.004974329,0.000000340356719157106,1.213898393,"(0,0.1]"
"350",41419,64038333,40,9,487,403.1,0,5.08317861419928,0.98338019774435,0.276386038233857,3.19913224795634,0.593913759722602,0.524659488663781,23691.959347129,5,0.001946933,0.00185112515628248,0.911163689485714,"(0,0.1]"
"351",41511,64070547,361,37,3764,1235,0,5.58870068412234,0.873652783026767,0.103893953441619,4.83725998405104,0.809515327239886,1.18431297944613,180697.635917807,7,-0.001568499,0.0000114379254569868,1.52778304357143,"(-0.1,0]"
"352",41523,64076465,3581,232,63458,156518.8,4889,3.73516154861582,1.59229618132204,0.372337111639229,2.62938141745294,0.743566084454387,0.66442908863644,2978067.71058043,8,0.002534254,0.010778341787809,1.12701173205714,"(0,0.1]"
"353",41618,65007623,118,2,3892,105,0,0.525690202192293,0.869353589935811,2.86908485305917,0.472458006004225,1.82327992954764,0.424557034937549,185876.504615352,6,-0.006378724,0.0000552457044347388,0.504900685314286,"(-0.1,0]"
"354",41642,65009143,1,0,253,0,0,0,0,0.188142294145149,0,1.20663241294062,0.0786758889793878,11156.7356474861,5,-0.003493063,0.00697472395835133,0.976926961028571,"(-0.1,0]"
"355",41730,65012095,0,0,233,0,0,0,0,1.18755365502041,0,2.29630471522972,0.183124463701453,10807.1288352362,4,-0.004680991,0.00531992432207359,0.541081442942857,"(-0.1,0]"
"356",41765,65013531,0,0,217,0,0,0,0,0.351152074536145,0,1.56633640417168,0.402161287684594,10961.6956069096,4,-0.001829189,0.0000428506264118929,0.610990717,"(-0.1,0]"
"357",41879,65016249,0,0,235,0,0,0,0,0.949787235323419,0,1.91295744345543,0.111510641524132,10256.9640975204,5,0.0032305,0.0117303045456346,1.20400331688571,"(0,0.1]"
"358",42043,65018263,754,16,6778,1891.7,859,6.89044854620975,2.09894738432758,2.92555637840475,3.81530077650473,1.11410081094582,0.584318341170942,304570.554158698,7,0.002169885,0.00762135081093312,0.657071998514286,"(0,0.1]"
"359",42209,65021001,251,4,2504,23380,0,8.00520311922715,5.36916648738639,1.03954509090326,2.94124088132738,1.49632242593709,0.877265573653905,116844.88420482,6,0.0006465712,0.00225936064356749,0.412114836257143,"(0,0.1]"
"360",42982,65031116,0,0,436,0,0,0,0,0.0270022888341812,0,1.04691076026356,0.0248100685991466,19314.2409091976,5,-0.001341276,0.0407786920676653,1.54651184311429,"(-0.1,0]"
"361",43138,66004005,0,0,859,0,0,0,0,0.0807916187487187,0,0.679949943492313,0.0101699651467231,35195.8932420216,6,-0.003503969,0.000130928032249208,1.66752268054286,"(-0.1,0]"
"362",43139,66004077,0,0,317,0,0,0,0,0.169592475536101,0,0.785332287927406,0,13586.4461119781,5,0.006015509,0.000333844169100078,0.950595735857143,"(0,0.1]"
"363",43169,66004954,25,0,1205,0,0,0,0,2.74896437235874,0,0.489434961911658,0.117441128578281,50193.8245636629,6,-0.002283761,0.00225936064356749,1.36676855045714,"(-0.1,0]"
"364",43555,66012273,44,3,235,990,740,13.395746831691,7.99219579493746,4.47234040993325,8.50229868224134,1.52412765882117,0.577914893944213,11669.2073284255,4,0.002720176,0.00225936064356749,0.582182185857143,"(0,0.1]"
"365",43623,66013963,57,9,465,2580,1420,6.051938286648,4.25999669759504,1.62989247317917,3.80736139903306,1.37865376506121,0.910430099598823,21157.0764915118,6,0.0006088008,0.0242392703746718,1.20154737437143,"(0,0.1]"
"366",43680,66015946,3,0,287,0,0,0,0,0.0920415232957028,0,1.54374740520254,0.798256052870651,11462.9114316266,5,-0.0006828916,0.0207439174201465,0.979142255457143,"(-0.1,0]"
"367",43875,66018216,0,0,267,0,0,0,0,0.000374531840786951,0,0.810367043098707,0.227654882584618,12302.9895885143,5,-0.0006851058,0.00167350434314648,1.30241064854286,"(-0.1,0]"
"368",44880,67001610,0,0,233,0,0,0,0,0.0493562245509655,0,2.50627467925201,1.82772534420562,10067.4691274258,5,0.0004237667,0.00185112515628248,1.04362698194286,"(0,0.1]"
"369",44912,67002157,4,1,493,0,0,0,0,0.148478703161524,0,3.23593914817119,3.57961770719858,21638.0544030265,5,0.001022577,0.0407786920676653,0.604949006657143,"(0,0.1]"
"370",45032,67004175,51,2,763,6000,6000,4.56645050593121,2.6918493677248,0.08374836271431,2.18677653364465,3.60493578139795,0.537359216930357,34436.809592605,6,0.0003832036,0.028234143450386,1.55021927982857,"(0,0.1]"
"371",45103,67005596,3,1,285,0,0,0,0,0.395438598148655,0,2.07558946970262,0.065259649879054,12986.1908045807,5,-0.0009113423,0.000187149308653633,0.745867941171429,"(-0.1,0]"
"372",45150,67006424,2,0,281,0,0,0,0,0.240213525544494,0,3.33522064384617,0.606433296118767,11917.1906755957,5,0.0008085391,0.0083212096678155,1.12107866342857,"(0,0.1]"
"373",45269,67008114,8,0,235,0,0,0,0,2.66202530664105,0,2.23086497347943,0.0357383962421981,11011.575868353,5,0.0009277187,0.0117303045456346,1.26921595068571,"(0,0.1]"
"374",45323,67009938,41,2,418,260,0,4.78319915929479,2.15541943636808,0.426555026483022,2.73970860888772,2.86486124322175,0.0365311012171102,17004.0148133753,5,0.001067903,0.0033329003128446,0.668478911714286,"(0,0.1]"
"375",45324,67009943,54,1,335,208,208,13.7418074419694,2.34116522945575,0.819104483656919,4.69822160373508,2.57859104186741,2.39959407084024,13577.074375325,5,0.002802429,0.000265512945646669,0.611466372457143,"(0,0.1]"
"376",45340,67010255,0,0,295,0,0,0,0,1.30847457920091,0,2.67728135472132,0.016406780178264,13045.460228645,5,0.003066627,0.000166276938851607,0.558822573114286,"(0,0.1]"
"377",45478,71004266,2505,101,29215,68463.1,2469.1,5.92322766170524,3.844470092571,0.776683532470716,3.21308681294668,0.27736312968395,0.191850216081388,1307566.93078398,8,-0.001562376,0.000130928032249208,1.21840596768571,"(-0.1,0]"
"378",45543,71009904,6,0,1606,0,0,0.317727064136253,0,0,0,0,0,67964.2248486351,6,0.00179072,0.0000552457044347388,0.939960617228571,"(0,0.1]"
"379",45627,71019901,0,0,407,0,0,0,0,0,0,0,0,18915.6035692187,5,0.00107523,0.0117303045456346,0.489919557142857,"(0,0.1]"
"380",45768,71029416,127,12,2391,403.2,0,3.78417881318231,0.625647085708303,0.103134141801368,1.65385252527272,0.0623965734904698,0.0449547970887761,108150.475971574,6,0.0008568479,0.0242392703746718,1.38587356045714,"(0,0.1]"
"381",45830,71047006,14,0,225,0,0,4.09765635066562,0.990833492279053,0.0595555562112066,2.02546385223797,0.382871110306846,0,10197.5139782503,5,-0.0003480432,0.0127561170265981,0.447297722657143,"(-0.1,0]"
"382",46139,72003625,0,0,245,0,0,0,0,0,0,0,0,10535.009727934,4,0.00007730409,0.0407786920676653,0.330354522514286,"(0,0.1]"
"383",46276,72008823,0,0,393,0,0,0,0,0.00559796447896471,0,0,0,17917.2249368281,5,-0.0008025429,0.000000290887391374113,0.417060462,"(-0.1,0]"
"384",46279,72008934,0,0,291,0,0,0,0,0,0,0,0,13183.7729174881,5,-0.001094412,0.000147609247980814,1.08562197834286,"(-0.1,0]"
"385",46414,72014773,133,4,2182,1200,0,4.6187970635546,2.98120126087259,0.228571430121586,2.53121424021971,0.00437408434602367,0.00142719784935752,97027.0168873272,6,-0.001158432,0.000000397900121120169,0.762520444,"(-0.1,0]"
"386",46540,72020740,73,1,1038,8490,0,3.83243843239386,0.291222692906171,0.0657088129970306,0.842609804971228,0.0098591953573099,0,46219.7111376986,6,-0.002047087,0.000467762699246,1.13804432974286,"(-0.1,0]"
"387",46581,72023768,4,1,913,0,0,0,0,0,0,0.0184513658773704,0,42059.3845184503,5,0.0003305226,0.0437869804777886,0.342288335857143,"(0,0.1]"
"388",46943,72032763,34,1,387,1620,0,7.03746983569815,4.11311053984576,0.11388174940504,3.14588300186985,0.0137840618204641,0,18982.7829934526,5,-0.0004616349,0.0163253396829134,0.574807986571429,"(-0.1,0]"
"389",47081,72035994,149,12,1897,16987.5,2220.3,6.45949591384414,2.0109871832647,0.0666315246944875,2.99698011485231,0.100761201753073,0.112172630503106,87736.3890584217,6,-0.003171797,0.000210466228479403,0.916838959971429,"(-0.1,0]"
"390",47357,72041602,2281,200,20748,47394.9,640.1,7.14745904713933,2.1986676376618,0.192363391233114,3.15463778141856,0.636071297943054,2.12943923128343,1056885.2272197,8,0.0003324773,0.0352851323530067,1.16223314291429,"(0,0.1]"
"391",47358,72041711,1,0,241,0,0,0,0,0.0062240664827873,0,0.422062242983288,0.046668048716185,11785.3267334391,5,-0.0007231678,0.00762135081093312,1.59286977574286,"(-0.1,0]"
"392",47893,73005066,233,34,756,2732.5,845.2,19.8349165193066,5.23295349964783,0.148941801575126,10.2073949219848,1.79096825435639,6.06381701108403,34474.6385484171,5,0.002825023,0.00989568839126326,0.610121664342857,"(0,0.1]"
"393",47938,73006145,216,21,605,2446.9,1568.5,12.9416672939111,8.09207740568918,0.159669423054072,11.6495528860513,1.848790086461,12.3495524624162,26186.3130069879,5,0.001113161,0.00136439215645161,0.499722487942857,"(0,0.1]"
"394",48170,73010302,56,5,281,1259.4,1259.4,10.0887719201872,7.47290762124112,0.737010675074791,5.88547853914334,1.23797864787731,2.48890670609008,14186.2273088185,5,-0.0007469416,0.0083212096678155,0.828542678028571,"(-0.1,0]"
"395",48191,73013106,115,11,558,183.8,80.8,10.9623355526864,9.04206772346223,0.488351258112111,7.25263952793292,1.18848207834641,1.96370971047964,23644.8322894747,5,0.001525451,0.00123043841168622,0.572798307857143,"(0,0.1]"
"396",48196,73014269,237,37,895,4812.7,339.9,21.5947225205725,6.194680695294,0.401117318144391,14.2159184181487,1.01789385730494,2.41460443653541,39547.0396195991,5,0.003707895,0.00402823717083145,0.773300029914286,"(0,0.1]"
"397",48266,73020354,57,2,371,18.1,0,7.60156775134689,0.349245499021962,0.0853658546882916,4.64426371454617,0.67717072902737,0.70056911987987,18138.7569506879,6,0.001402825,0.0176963560701568,1.49508097131429,"(0,0.1]"
"398",48572,75011237,66,1,307,0,0,15.5303614965149,10.6639809469575,5.3996763848564,5.85200019489514,1.35567961129266,0.0339838200788282,11763.3904061949,5,0.001807018,0.0352851323530067,0.746970232085714,"(0,0.1]"
"399",48573,75011244,63,1,802,0,0,5.25092111331949,2.03993363297607,3.5537220918511,1.87462678682307,1.12360174001816,0.129710301276176,32227.7833389928,6,0.005428859,0.00907801720573989,1.65790092497143,"(0,0.1]"
"400",48667,75024182,38,1,283,0,0,7.20012103036941,0.593249524597987,2.1692579557902,5.10864524676095,1.23472438389337,0.00264310955264122,11567.4936765643,5,0.01448311,0.00000324176997705588,0.8943600388,"(0,0.1]"
"401",48679,75025589,1564,63,11749,9757.3,7109.7,9.74621477674161,8.00749374896663,4.83826183185621,6.27620220141057,1.02916571004129,0.771985369989097,504948.216644211,7,-0.002608275,0.00167350434314648,1.07003120762857,"(-0.1,0]"
"402",48689,75027041,135,4,960,3600,3600,9.79100920185447,6.8626013237983,2.71166666618859,5.8698145730956,1.64517916604721,0.0872760429124658,40701.2699535937,5,0.003447226,0.000116035002536839,0.409499256914286,"(0,0.1]"
"403",48695,75028465,90,6,437,300,300,7.54678139642938,5.24666947116159,3.17093821652489,6.89833574174497,1.66291532997954,0.0351739120701631,17418.991237426,5,0.001164358,0.000467762699246,0.696140871571429,"(0,0.1]"
"404",48716,75029762,0,0,341,0,0,0,0,1.43958944156547,0,1.3679472140946,0.0103519060744568,13465.5881597643,4,0.002939962,0.00637780514515526,0.578671040285714,"(0,0.1]"
"405",48777,75033332,345,41,2010,1086,889,10.2328519269157,5.57981329119917,1.35701492742001,7.4790194997481,2.27077114341493,0.61962820202557,88495.4864802098,6,-0.0009227556,0.0469805611166679,1.37922556431429,"(-0.1,0]"
"406",49045,75043624,1,0,541,0,0,0.184842883548983,0.0354450413898708,0.0182994457440323,0.207464494142219,0.596743068831685,0.0307634000196475,23411.9486721864,5,-0.004766995,0.010778341787809,0.673794892,"(-0.1,0]"
"407",49110,75044712,1,0,565,0,0,0,0,0.0700884968701716,0,0.725966371740915,0.0728997424640487,24412.5974646299,5,-0.002534597,0.0027486122017265,0.552684284828571,"(-0.1,0]"
"408",49137,75047672,0,0,231,0,0,0,0,0.000432900439351151,0,0.627415586279068,0,10879.0798471169,5,-0.00324146,0.0407786920676653,1.39697308305714,"(-0.1,0]"
"409",49140,75048173,20,1,425,434.9,0,1.61292467229507,2.17847167744356,0.0828235305758083,0.634849096047126,1.84638588400448,0.116011764442219,18403.6103123047,5,-0.003225554,0.0163253396829134,0.733810362085714,"(-0.1,0]"
"410",49147,75048661,0,0,297,0,0,0,0,0.0191919195280733,0,1.44175420854529,0.0148585862182206,11444.3741838263,5,-0.003856378,0.0027486122017265,1.31860186431429,"(-0.1,0]"
"411",49172,75049753,28,3,867,2220,0,0.894197574842756,0.712899596473881,0.125000001871349,1.2083209038327,1.18707242879634,0.177487146283422,40772.237388484,5,-0.001227827,0.00249302753224377,0.597393598285714,"(-0.1,0]"
"412",50030,77000090,21,2,325,0,0,5.05316913604736,0.439666763085585,1.33784615351604,2.66984688882964,0.351747691356219,0.00256000005281889,13423.7428650702,6,-0.001858924,0.0000909102380969151,2.06252100031429,"(-0.1,0]"
"413",50082,77002999,132,11,785,3606.1,2830.6,7.65745545084101,4.60029102249194,2.78159900166586,5.44094951327386,0.929128174277656,0.41094670270754,34000.0294836125,5,-0.002147991,0.000210466228479403,0.4745005972,"(-0.1,0]"
"414",50152,77010571,262,6,1290,497.6,416.2,12.338822223752,6.62198090810835,3.40200616107725,3.81531786113955,0.410121143358633,0.430207563058278,52482.2597361279,5,-0.0009133864,0.0469805611166679,0.539990601914286,"(-0.1,0]"
"415",50153,77010599,172,10,925,841,841,10.1876172960127,8.39085188781893,5.85372972322477,5.90839967425057,0.792557840371454,0.151547028470684,38044.5617336963,5,0.002190381,0.00000242694433183452,1.077146322,"(0,0.1]"
"416",50225,77015909,388,54,1601,18481.6,13096.3,13.2948075649152,11.0740862937545,2.67028038024531,10.8364220804807,1.10881121434805,2.01259504447102,71325.5407339231,5,0.002429622,0.00402823717083145,0.601630958857143,"(0,0.1]"
"417",50226,77015913,300,40,1035,9576.1,8186.8,18.2906444107277,17.3853517638312,7.63777777696577,16.9367887351814,0.930550725174987,2.2747739073447,46053.7950538143,5,0.001522289,0.0000331251304582536,0.630865712628571,"(0,0.1]"
"418",50322,77020619,53,0,784,0,0,0.53939890318279,3.63274907462205,1.0415189922799,0.533727902334599,0.578764557017933,0.760032908731624,33754.9563369187,5,-0.001564599,0.00225936064356749,0.3260426766,"(-0.1,0]"
"419",50358,77022969,90,4,697,1231.4,252.9,8.40313932834089,4.3012803897283,8.65007171127812,5.32759424828805,0.765655665734577,1.12377095870257,31658.6443223521,5,0.003320603,0.000297848401435682,1.10064706034286,"(0,0.1]"
"420",50801,77041781,45,1,319,1014.7,1014.7,12.0554508826576,6.12267841590236,1.04670846100231,5.69650811325801,1.60629780174796,0,12862.6274590914,4,0.0008796148,0.00366560370224007,0.206547304485714,"(0,0.1]"
"421",51066,77046336,128,8,617,212,212,7.03974852801529,9.18423158616262,3.8416531506316,5.05209386079787,1.42517018051308,0.16744246710593,26504.0184051168,5,0.001109378,0.0261708908378838,0.309435645314286,"(0,0.1]"
"422",51084,77047970,42,4,303,20,20,5.39561319859301,1.36245821636231,0.131803280750259,3.42074504439917,2.17142950753208,0.3557121382385,12861.8546541529,4,0.001310561,0.0304360620926451,0.611185481085714,"(0,0.1]"
"423",52135,78003924,0,0,431,0,0,0,0,0,0,0.153422273730042,0,20692.388015072,5,0.00136968,0.000724929304053229,0.542235648028571,"(0,0.1]"
"424",52171,78004655,14,0,1124,0,0,0.623556701526099,0.0299811402991997,0.00613879012706228,0.155794352624416,0.130141458318327,0.0124510671956683,52557.4237463391,5,0.001120184,0.000998225384171292,0.4196101366,"(0,0.1]"
"425",52654,78013075,294,9,4878,27365.3,0,2.12504955775813,2.45084423026996,0.0450839826921882,1.62261818581519,0.171209340628934,0.250520010779061,232061.747791353,6,-0.001310132,0.0000803673722991909,0.5305053266,"(-0.1,0]"
"426",52833,78018921,2184,161,14432,61433.5,13871,10.1914840406639,5.40092422674233,1.47087775097772,6.72035838065369,0.573386058675505,0.907380551902806,651908.287472192,8,0.002314081,0.000210466228479403,1.41814918682857,"(0,0.1]"
"427",52869,78024020,25,4,255,85.1,18.5,5.48341555782393,1.03820982587104,0.137647060173399,3.20656495264978,1.00823529666545,0.174568628797344,12110.5534210093,5,0.001229599,0.00225936064356749,0.823791549,"(0,0.1]"
"428",52891,78027134,68,6,305,775,158.3,9.16770603930364,4.48668804325041,0.247213117192026,7.67047448322319,1.00910492077714,1.03811290723379,13396.0232868703,5,0.001483191,0.00000431552497124242,1.19100701888571,"(0,0.1]"
"429",52901,81000004,0,0,287,0,0,0,0,0,0,0,0,14248.0145117575,4,-0.000960026,0.00402823717083145,0.457772443771429,"(-0.1,0]"
"430",53263,81020021,80,2,18222,264.8,0,0.321916358290487,0.0253495251474285,0.000263417850893214,0.0201262377552925,0.0367861924992083,0.000321479519352197,836079.728384035,7,0.001352768,0.000297848401435682,0.424748099314286,"(0,0.1]"
"431",53313,81027459,0,0,1078,0,0,0,0,0,0,0.0357416665664426,0,50611.1412222017,6,0.003402017,0.000000464776587403838,1.13980305822857,"(0,0.1]"
"432",53415,81030776,1,0,2596,0,0,0,0,0.0000384763376260546,0,0,0,116258.972119983,6,0.002541275,0.00000156212484411175,0.5237734262,"(0,0.1]"
"433",53705,81035794,0,0,489,0,0,0,0,0,0,0,0,24820.5515369793,5,0.0009740059,0.000210466228479403,0.601777505142857,"(0,0.1]"
"434",54208,82000278,0,0,332,0,0,0,0,0,0,0,0,15029.3160949089,4,-0.0005634523,0.00762135081093312,0.253492440142857,"(-0.1,0]"
"435",54713,83002183,0,0,427,0,0,0,0,0,0,0,0,19565.1126956938,5,-0.006347729,0.00000997640813646051,1.01125496665714,"(-0.1,0]"
"436",54808,83002788,0,0,1152,0,0,0,0,0,0,0,0,51102.6305010412,5,0.0004154611,0.0191672520432152,0.2193175894,"(0,0.1]"
"437",54981,83004760,0,0,2451,0,0,0,0,0,0,0,0,108960.674602364,6,-0.003188332,0.0083212096678155,0.406520997457143,"(-0.1,0]"
"438",55505,83019371,0,0,471,0,0,0,0,0,0,0,0,20221.8138966303,5,0.001046719,0.00249302753224377,0.589580689428571,"(0,0.1]"
"439",55568,83022188,0,0,908,0,0,0,0,0,0,0,0,38859.2096906724,5,-0.0006242094,0.000116035002536839,0.271644588942857,"(-0.1,0]"
"440",55569,83022263,0,0,523,0,0,0,0,0,0,0,0,22929.9132586619,5,-0.00276895,0.00123043841168622,0.443559584085714,"(-0.1,0]"
"441",55698,84000504,0,0,251,0,0,0,0,0,0,0,0,10415.7628275359,4,0.0005854495,0.00989568839126326,0.243895276057143,"(0,0.1]"
